-- phpMyAdmin SQL Dump
-- version 5.1.1
-- https://www.phpmyadmin.net/
--
-- Host: 127.0.0.1
-- Generation Time: Oct 16, 2021 at 10:58 PM
-- Server version: 10.4.20-MariaDB
-- PHP Version: 7.4.21

SET SQL_MODE = "NO_AUTO_VALUE_ON_ZERO";
START TRANSACTION;
SET time_zone = "+00:00";


/*!40101 SET @OLD_CHARACTER_SET_CLIENT=@@CHARACTER_SET_CLIENT */;
/*!40101 SET @OLD_CHARACTER_SET_RESULTS=@@CHARACTER_SET_RESULTS */;
/*!40101 SET @OLD_COLLATION_CONNECTION=@@COLLATION_CONNECTION */;
/*!40101 SET NAMES utf8mb4 */;

--
-- Database: `fr_arambaghplaza`
--

-- --------------------------------------------------------

--
-- Table structure for table `app_banners`
--

CREATE TABLE `app_banners` (
  `id` int(11) NOT NULL,
  `position` enum('top','middle') NOT NULL,
  `image` tinytext NOT NULL,
  `status` enum('1','0') NOT NULL DEFAULT '1',
  `created_at` timestamp NOT NULL DEFAULT current_timestamp(),
  `updated_at` timestamp NOT NULL DEFAULT current_timestamp() ON UPDATE current_timestamp()
) ENGINE=InnoDB DEFAULT CHARSET=latin1;

--
-- Dumping data for table `app_banners`
--

INSERT INTO `app_banners` (`id`, `position`, `image`, `status`, `created_at`, `updated_at`) VALUES
(8, 'top', '1632648459_1320x660-2-2.jpg', '1', '2021-09-26 12:57:40', '2021-09-26 12:57:40'),
(9, 'top', '1632648477_18-Sept.jpg', '1', '2021-09-26 12:57:57', '2021-09-26 12:57:57'),
(12, 'middle', '1632685878_small-banner.png', '1', '2021-09-26 23:21:18', '2021-09-26 23:21:18');

-- --------------------------------------------------------

--
-- Table structure for table `brands`
--

CREATE TABLE `brands` (
  `id` int(11) NOT NULL,
  `name` varchar(100) NOT NULL,
  `icon` varchar(100) DEFAULT NULL,
  `status` enum('1','0') NOT NULL DEFAULT '1',
  `created_at` timestamp NOT NULL DEFAULT current_timestamp(),
  `updated_at` timestamp NOT NULL DEFAULT current_timestamp() ON UPDATE current_timestamp(),
  `deleted_at` timestamp NULL DEFAULT NULL
) ENGINE=InnoDB DEFAULT CHARSET=utf8mb4;

--
-- Dumping data for table `brands`
--

INSERT INTO `brands` (`id`, `name`, `icon`, `status`, `created_at`, `updated_at`, `deleted_at`) VALUES
(1, 'Tata', '1631389000_si-22-05-2021-09-21-39.png', '1', '2021-09-11 13:31:22', '2021-09-25 12:21:03', NULL),
(2, 'Fortune', '1631388288_aven.png', '1', '2021-09-11 13:54:48', '2021-09-25 12:21:15', NULL),
(3, 'Sunrise', '1631388318_treva.png', '1', '2021-09-11 13:55:18', '2021-09-25 12:21:32', NULL),
(4, 'Tulip', NULL, '1', '2021-09-13 19:04:53', '2021-09-25 12:23:02', NULL),
(5, 'Johnson & Johnson', NULL, '1', '2021-09-25 21:10:54', '2021-09-29 01:16:05', NULL),
(6, 'Arambagh Plaza', NULL, '1', '2021-09-29 01:16:15', '2021-09-29 01:16:15', NULL),
(7, 'AASHIRVAAD', NULL, '1', '2021-09-29 20:45:11', '2021-09-29 20:45:11', NULL),
(8, 'DHARA', NULL, '1', '2021-09-29 20:46:54', '2021-09-29 20:46:54', NULL),
(9, 'COLGATE', NULL, '1', '2021-09-29 20:47:25', '2021-09-29 20:47:25', NULL),
(10, 'HIMALAYA', NULL, '1', '2021-09-29 20:47:49', '2021-09-29 20:47:49', NULL),
(11, 'PATANJALI', NULL, '1', '2021-09-29 20:48:51', '2021-09-29 20:48:51', NULL),
(12, 'SUNFEAST', NULL, '1', '2021-09-29 20:50:19', '2021-09-29 20:50:19', NULL),
(13, 'CLOSE UP', NULL, '1', '2021-09-29 20:51:26', '2021-09-29 20:51:26', NULL),
(14, 'SUNLIGHT', NULL, '1', '2021-09-30 07:03:00', '2021-09-30 07:03:00', NULL),
(15, 'WHEEL', NULL, '1', '2021-09-30 07:03:24', '2021-09-30 07:03:24', NULL),
(16, 'SURFEXCEL', NULL, '1', '2021-09-30 07:03:56', '2021-09-30 07:03:56', NULL),
(17, 'GHADI', NULL, '1', '2021-09-30 07:04:10', '2021-09-30 07:04:10', NULL),
(18, 'SAFED', NULL, '1', '2021-09-30 07:04:49', '2021-09-30 07:04:49', NULL),
(19, 'HINDUSTAN', NULL, '1', '2021-09-30 07:05:13', '2021-09-30 07:05:13', NULL),
(20, 'VIM', NULL, '1', '2021-09-30 07:05:27', '2021-09-30 07:05:27', NULL),
(21, 'SPARKLE', NULL, '1', '2021-09-30 07:05:47', '2021-09-30 07:05:47', NULL),
(22, 'EXO', NULL, '1', '2021-09-30 07:06:01', '2021-09-30 07:06:01', NULL),
(23, 'PRESTO', NULL, '1', '2021-09-30 07:06:17', '2021-09-30 07:06:17', NULL),
(24, 'RIN', NULL, '1', '2021-09-30 07:06:41', '2021-09-30 07:06:41', NULL),
(25, 'EMAMI', NULL, '1', '2021-09-30 07:07:11', '2021-09-30 07:07:11', NULL),
(26, 'SALONI', NULL, '1', '2021-09-30 07:07:32', '2021-09-30 07:07:32', NULL),
(27, 'PURTI', NULL, '1', '2021-09-30 07:07:46', '2021-09-30 07:07:46', NULL),
(28, 'NUTRELA', NULL, '1', '2021-09-30 07:08:19', '2021-09-30 07:08:19', NULL),
(29, 'MAA', NULL, '1', '2021-09-30 07:08:31', '2021-09-30 07:08:31', NULL),
(30, 'SAFFOLA', NULL, '1', '2021-09-30 07:08:48', '2021-09-30 07:08:48', NULL),
(31, 'EVEREST', NULL, '1', '2021-09-30 07:09:17', '2021-09-30 07:09:17', NULL),
(32, 'SATYENDRA', NULL, '1', '2021-09-30 07:10:10', '2021-09-30 07:10:10', NULL),
(33, 'CHOCRO', NULL, '1', '2021-09-30 07:10:26', '2021-09-30 07:10:26', NULL),
(34, 'GANESH', NULL, '1', '2021-09-30 07:10:41', '2021-09-30 07:10:41', NULL),
(35, 'JANA', NULL, '1', '2021-09-30 07:10:54', '2021-09-30 07:10:54', NULL),
(36, 'TASTY', NULL, '1', '2021-09-30 07:11:19', '2021-09-30 07:11:19', NULL),
(37, 'INDIAGATE', NULL, '1', '2021-09-30 07:12:18', '2021-09-30 07:12:18', NULL),
(38, 'MADHURI', NULL, '1', '2021-09-30 07:12:36', '2021-09-30 07:12:36', NULL),
(39, 'VIMAL', NULL, '1', '2021-09-30 07:12:49', '2021-09-30 07:12:49', NULL),
(40, 'AMUL', NULL, '1', '2021-09-30 07:13:05', '2021-09-30 07:13:05', NULL),
(41, 'UJALA', NULL, '1', '2021-09-30 07:13:18', '2021-09-30 07:13:18', NULL),
(42, 'BOROLINE', NULL, '1', '2021-09-30 07:13:37', '2021-09-30 07:13:37', NULL),
(43, 'SENSODYNE', NULL, '1', '2021-09-30 07:14:04', '2021-09-30 07:14:04', NULL),
(44, 'KEVA', NULL, '1', '2021-09-30 07:14:20', '2021-09-30 07:14:20', NULL),
(45, 'AMWAY', NULL, '1', '2021-09-30 07:14:49', '2021-09-30 07:14:49', NULL),
(46, 'DABUR', NULL, '1', '2021-09-30 07:15:07', '2021-09-30 07:15:07', NULL),
(47, 'HOMECARE', NULL, '1', '2021-09-30 07:16:33', '2021-09-30 07:16:33', NULL),
(48, 'FIAMA', NULL, '1', '2021-09-30 07:16:58', '2021-09-30 07:16:58', NULL),
(49, 'PARKAVENUE', NULL, '1', '2021-09-30 07:17:25', '2021-09-30 07:17:25', NULL),
(50, 'ARAMUSK', NULL, '1', '2021-09-30 07:17:42', '2021-09-30 07:17:42', NULL),
(51, 'VIVEL', NULL, '1', '2021-09-30 07:26:56', '2021-09-30 07:26:56', NULL),
(52, 'LIFEBUOY', NULL, '1', '2021-09-30 07:27:14', '2021-09-30 07:27:14', NULL),
(53, 'SAVLON', NULL, '1', '2021-09-30 07:27:27', '2021-09-30 07:27:27', NULL),
(54, 'LUX', NULL, '1', '2021-09-30 07:27:39', '2021-09-30 07:27:39', NULL),
(55, 'DETTOL', NULL, '1', '2021-09-30 07:27:50', '2021-09-30 07:27:50', NULL),
(56, 'WILDSTONE', NULL, '1', '2021-09-30 07:28:09', '2021-09-30 07:28:09', NULL),
(57, 'AJAY', NULL, '1', '2021-09-30 07:28:24', '2021-09-30 07:28:24', NULL),
(58, 'PEPSODENT', NULL, '1', '2021-09-30 07:28:39', '2021-09-30 07:28:39', NULL),
(59, 'MYSORE', NULL, '1', '2021-09-30 07:29:10', '2021-09-30 07:29:10', NULL),
(60, 'DOVE', NULL, '1', '2021-09-30 07:29:22', '2021-09-30 07:29:22', NULL),
(61, 'PEARS', NULL, '1', '2021-09-30 07:29:40', '2021-09-30 07:29:40', NULL),
(62, 'SANTOOR', NULL, '1', '2021-09-30 07:29:54', '2021-09-30 07:29:54', NULL),
(63, 'MARGO', NULL, '1', '2021-09-30 07:30:07', '2021-09-30 07:30:07', NULL),
(64, 'REXONA', NULL, '1', '2021-09-30 07:30:20', '2021-09-30 07:30:20', NULL),
(65, 'MEDIMIX', NULL, '1', '2021-09-30 07:30:34', '2021-09-30 07:30:34', NULL),
(66, 'CINTHOL', NULL, '1', '2021-09-30 07:30:48', '2021-09-30 07:30:48', NULL),
(67, 'LIRIL', NULL, '1', '2021-09-30 07:31:21', '2021-09-30 07:31:21', NULL),
(68, 'GSK', NULL, '1', '2021-09-30 07:32:26', '2021-09-30 07:32:26', NULL),
(69, 'ZYDUS WELLNESS', NULL, '1', '2021-09-30 07:34:41', '2021-09-30 07:34:41', NULL),
(70, 'CHING', NULL, '1', '2021-09-30 07:35:12', '2021-09-30 07:35:12', NULL),
(71, 'NYCIL', NULL, '1', '2021-09-30 07:35:39', '2021-09-30 07:35:39', NULL),
(72, 'NESTLE', NULL, '1', '2021-09-30 07:35:58', '2021-09-30 07:35:58', NULL),
(73, 'KISSAN', NULL, '1', '2021-09-30 07:36:12', '2021-09-30 07:36:12', NULL),
(74, 'JK', NULL, '1', '2021-09-30 07:36:25', '2021-09-30 07:36:25', NULL),
(75, 'R.K', NULL, '1', '2021-09-30 07:36:42', '2021-09-30 07:36:42', NULL),
(76, 'HORLICKS', NULL, '1', '2021-09-30 07:37:22', '2021-09-30 07:37:22', NULL),
(77, 'COMPLAN', NULL, '1', '2021-09-30 07:37:42', '2021-09-30 07:37:42', NULL),
(78, 'BROOKEDBOND', NULL, '1', '2021-09-30 07:38:06', '2021-09-30 07:38:06', NULL),
(79, 'GOODRICKE', NULL, '1', '2021-09-30 07:39:49', '2021-09-30 07:39:49', NULL),
(80, 'QUAKER', NULL, '1', '2021-09-30 07:40:06', '2021-09-30 07:40:06', NULL),
(81, 'LIPTON', NULL, '1', '2021-09-30 07:40:22', '2021-09-30 07:40:22', NULL),
(82, 'ALLOUT', NULL, '1', '2021-09-30 07:41:05', '2021-09-30 07:41:05', NULL),
(83, 'GODREJ', NULL, '1', '2021-09-30 07:41:28', '2021-09-30 07:41:28', NULL),
(84, 'PALMOLIVE', NULL, '1', '2021-09-30 07:42:03', '2021-09-30 07:42:03', NULL),
(85, 'SENORA', NULL, '1', '2021-09-30 07:42:44', '2021-09-30 07:42:44', NULL),
(86, 'RUDRA', NULL, '1', '2021-09-30 07:43:05', '2021-09-30 07:43:05', NULL),
(87, 'SS MOHILA UDYOG', NULL, '1', '2021-09-30 07:44:45', '2021-09-30 07:44:45', NULL),
(88, 'HARPIC', NULL, '1', '2021-09-30 07:46:17', '2021-09-30 07:46:17', NULL),
(89, 'COLIN', NULL, '1', '2021-09-30 07:46:58', '2021-09-30 07:46:58', NULL),
(90, 'NIMYLE', NULL, '1', '2021-09-30 07:47:14', '2021-09-30 07:47:14', NULL),
(91, 'BAYGON', NULL, '1', '2021-09-30 07:47:35', '2021-09-30 07:47:35', NULL),
(92, 'HIT', NULL, '1', '2021-09-30 07:47:43', '2021-09-30 07:47:43', NULL),
(93, 'DOMEX', NULL, '1', '2021-09-30 07:48:03', '2021-09-30 07:48:03', NULL),
(94, 'LIZOL', NULL, '1', '2021-09-30 07:49:01', '2021-09-30 07:49:01', NULL),
(95, 'KELLOGGS', NULL, '1', '2021-09-30 07:49:19', '2021-09-30 07:49:19', NULL),
(96, 'KELLOGGS', NULL, '1', '2021-09-30 10:44:54', '2021-09-30 10:44:54', NULL),
(97, 'PEDIASURE', NULL, '1', '2021-09-30 10:45:18', '2021-09-30 10:45:18', NULL),
(98, 'MILTON', NULL, '1', '2021-09-30 10:45:32', '2021-09-30 10:45:32', NULL),
(99, 'CELLO', NULL, '1', '2021-09-30 10:46:03', '2021-09-30 10:46:03', NULL),
(100, 'MORTON', NULL, '1', '2021-09-30 10:46:22', '2021-09-30 10:46:22', NULL),
(101, 'HEAD&SHOULDERS', NULL, '1', '2021-09-30 10:46:57', '2021-09-30 10:46:57', NULL),
(102, 'SUNSILK', NULL, '1', '2021-09-30 10:47:11', '2021-09-30 10:47:11', NULL),
(103, 'CLINIC PLUS', NULL, '1', '2021-09-30 10:47:31', '2021-09-30 10:47:31', NULL),
(104, 'LOREAL', NULL, '1', '2021-09-30 10:47:44', '2021-09-30 10:47:44', NULL),
(105, 'TRESEMME', NULL, '1', '2021-09-30 10:48:10', '2021-09-30 10:48:10', NULL),
(106, 'ENGAGE', NULL, '1', '2021-09-30 10:50:52', '2021-09-30 10:50:52', NULL),
(107, 'SECRET', NULL, '1', '2021-09-30 10:51:05', '2021-09-30 10:51:05', NULL),
(108, 'YARDLEYLONDON', NULL, '1', '2021-09-30 10:51:27', '2021-09-30 10:51:27', NULL),
(109, 'DENVER', NULL, '1', '2021-09-30 10:51:42', '2021-09-30 10:51:42', NULL),
(110, 'NIVEA', NULL, '1', '2021-09-30 10:51:58', '2021-09-30 10:51:58', NULL),
(111, 'KS', NULL, '1', '2021-09-30 10:52:09', '2021-09-30 10:52:09', NULL),
(112, 'BIOTIQUE', NULL, '1', '2021-09-30 10:52:30', '2021-09-30 10:52:30', NULL),
(113, 'AXE', NULL, '1', '2021-09-30 10:52:41', '2021-09-30 10:52:41', NULL),
(114, 'GILLETTE', NULL, '1', '2021-09-30 10:52:58', '2021-09-30 10:52:58', NULL),
(115, 'FAIR&LOVELY', NULL, '1', '2021-09-30 10:53:20', '2021-09-30 10:53:20', NULL),
(116, 'LOTUS', NULL, '1', '2021-09-30 10:53:34', '2021-09-30 10:53:34', NULL),
(117, 'LOVITA', NULL, '1', '2021-09-30 10:54:21', '2021-09-30 10:54:21', NULL),
(118, 'LAKME', NULL, '1', '2021-09-30 10:54:49', '2021-09-30 10:54:49', NULL),
(119, 'GARNIER', NULL, '1', '2021-09-30 10:55:01', '2021-09-30 10:55:01', NULL),
(120, 'PONDS', NULL, '1', '2021-09-30 10:55:11', '2021-09-30 10:55:11', NULL),
(121, 'V-WASH', NULL, '1', '2021-09-30 10:55:27', '2021-09-30 10:55:27', NULL),
(122, 'VEET', NULL, '1', '2021-09-30 10:55:41', '2021-09-30 10:55:41', NULL),
(123, 'FAIR&HANDSOMA', NULL, '1', '2021-09-30 10:56:20', '2021-09-30 10:56:20', NULL),
(124, 'NIHAR', NULL, '1', '2021-09-30 10:56:39', '2021-09-30 10:56:39', NULL),
(125, 'ELEEN', NULL, '1', '2021-09-30 10:57:45', '2021-09-30 10:57:45', NULL),
(126, 'VASMOL', NULL, '1', '2021-09-30 10:58:00', '2021-09-30 10:58:00', NULL),
(127, 'SHALIMARS', NULL, '1', '2021-09-30 10:58:29', '2021-09-30 10:58:29', NULL),
(128, 'HAIR & CARE', NULL, '1', '2021-09-30 10:58:50', '2021-09-30 10:58:50', NULL),
(129, 'BAJAJ', NULL, '1', '2021-09-30 11:00:56', '2021-09-30 11:00:56', NULL),
(130, 'KESH KING', NULL, '1', '2021-09-30 11:01:39', '2021-09-30 11:01:39', NULL),
(131, '7 OIL', NULL, '1', '2021-09-30 11:01:57', '2021-09-30 11:01:57', NULL),
(132, 'KHUKUMONI', NULL, '1', '2021-09-30 11:02:34', '2021-09-30 11:02:34', NULL),
(133, 'GOODLIFE', NULL, '1', '2021-09-30 11:03:08', '2021-09-30 11:03:08', NULL),
(134, 'RU-NUTZ', NULL, '1', '2021-09-30 11:03:58', '2021-09-30 11:03:58', NULL),
(135, 'NUTRAJ', NULL, '1', '2021-09-30 11:05:03', '2021-09-30 11:05:03', NULL),
(136, 'WEIKFIELD', NULL, '1', '2021-09-30 11:05:43', '2021-09-30 11:05:43', NULL),
(137, 'TAC', NULL, '1', '2021-09-30 11:06:35', '2021-09-30 11:06:35', NULL),
(138, 'DADAJI', NULL, '1', '2021-09-30 11:06:47', '2021-09-30 11:06:47', NULL),
(139, 'DNV', NULL, '1', '2021-09-30 11:06:58', '2021-09-30 11:06:58', NULL),
(140, 'demo', NULL, '1', '2021-10-03 10:21:16', '2021-10-03 10:21:16', NULL);

-- --------------------------------------------------------

--
-- Table structure for table `carts`
--

CREATE TABLE `carts` (
  `id` int(11) NOT NULL,
  `user_id` int(11) NOT NULL,
  `variant_id` int(11) NOT NULL,
  `quantity` int(11) NOT NULL,
  `created_at` timestamp NULL DEFAULT current_timestamp(),
  `updated_at` timestamp NOT NULL DEFAULT current_timestamp() ON UPDATE current_timestamp()
) ENGINE=InnoDB DEFAULT CHARSET=utf8mb4;

--
-- Dumping data for table `carts`
--

INSERT INTO `carts` (`id`, `user_id`, `variant_id`, `quantity`, `created_at`, `updated_at`) VALUES
(2, 4, 7, 2, '2021-10-03 19:50:57', '2021-10-03 19:51:27'),
(6, 7, 9, 1, '2021-10-03 21:47:36', '2021-10-03 21:47:36'),
(10, 2, 8, 2, '2021-10-05 18:02:03', '2021-10-05 18:02:06'),
(24, 10, 8, 1, '2021-10-07 00:59:46', '2021-10-07 00:59:46'),
(32, 3, 9, 5, '2021-10-08 02:10:59', '2021-10-11 23:07:52'),
(37, 10, 1, 1, '2021-10-09 23:48:26', '2021-10-09 23:48:26'),
(38, 16, 13, 1, '2021-10-10 22:13:10', '2021-10-10 22:13:10'),
(41, 4, 21, 2, '2021-10-11 22:51:09', '2021-10-11 22:51:13');

-- --------------------------------------------------------

--
-- Table structure for table `categories`
--

CREATE TABLE `categories` (
  `id` int(11) NOT NULL,
  `parent_id` int(11) DEFAULT NULL,
  `name` varchar(100) NOT NULL,
  `icon` varchar(100) NOT NULL,
  `status` enum('1','0') NOT NULL DEFAULT '1',
  `is_featured` enum('1','0') NOT NULL DEFAULT '0',
  `created_at` timestamp NOT NULL DEFAULT current_timestamp(),
  `updated_at` timestamp NOT NULL DEFAULT current_timestamp() ON UPDATE current_timestamp(),
  `deleted_at` timestamp NULL DEFAULT NULL
) ENGINE=InnoDB DEFAULT CHARSET=utf8mb4;

--
-- Dumping data for table `categories`
--

INSERT INTO `categories` (`id`, `parent_id`, `name`, `icon`, `status`, `is_featured`, `created_at`, `updated_at`, `deleted_at`) VALUES
(1, NULL, 'Grocery', '1632415817_grocery.jpg', '1', '1', '2021-09-12 10:16:59', '2021-09-23 20:20:17', NULL),
(2, NULL, 'Package Food', '1632415840_package-food.jpg', '1', '1', '2021-09-12 10:18:43', '2021-09-23 20:20:40', NULL),
(3, NULL, 'Bakery & Dairy Products', '1632415860_dairy.jpg', '1', '1', '2021-09-12 10:20:00', '2021-09-26 13:18:30', NULL),
(4, NULL, 'Health Drinks & Beverages', '1632415966_healthdrink.jpg', '1', '1', '2021-09-12 10:21:22', '2021-09-26 13:18:47', NULL),
(5, NULL, 'Mom & Baby Care', '1632416006_mom-and-baby.jpg', '1', '0', '2021-09-12 10:23:01', '2021-09-23 20:23:26', NULL),
(6, NULL, 'Gift Items', '1632417026_gift.jpg', '1', '0', '2021-09-12 10:24:02', '2021-09-23 20:40:26', NULL),
(7, NULL, 'Women\'s Fashion', '1632418155_women.jpg', '1', '1', '2021-09-12 10:26:11', '2021-09-26 13:18:53', NULL),
(8, NULL, 'Men\'s Fashion', '1632417420_men.jpg', '1', '1', '2021-09-12 10:26:24', '2021-09-26 13:18:54', NULL),
(9, NULL, 'Kid\'s Collection', '1632417585_kids.jpg', '1', '0', '2021-09-12 10:31:46', '2021-09-23 20:49:45', NULL),
(10, 1, 'Ghee & Oils', '1632560512_1.jpg', '1', '0', '2021-09-12 10:33:35', '2021-09-25 12:31:53', NULL),
(11, 1, 'Atta & Flours', '1632561309_2.jpg', '1', '0', '2021-09-12 10:34:15', '2021-09-25 12:45:09', NULL),
(12, 1, 'Spices & Masalas', '1632657164_4.jpg', '1', '0', '2021-09-12 10:34:54', '2021-09-26 15:22:44', NULL),
(13, 1, 'Salt & Sugar', '1632563713_3.jpg', '1', '0', '2021-09-12 10:35:24', '2021-09-25 13:25:13', NULL),
(14, 1, 'Dals & Pulses', '1632661850_dal.jpg', '1', '0', '2021-09-12 10:35:59', '2021-09-26 16:40:50', NULL),
(15, 1, 'Rice & Rice Products', '1632575778_2.jpg', '1', '0', '2021-09-12 10:36:34', '2021-09-25 16:46:18', NULL),
(16, 2, 'Biscuits', '1632576424_3.jpg', '1', '0', '2021-09-12 10:38:42', '2021-09-25 16:57:04', NULL),
(17, 2, 'Chips, Namkeen & Snacks', '1632576558_4.jpg', '1', '0', '2021-09-12 10:39:16', '2021-09-25 16:59:18', NULL),
(18, 2, 'Chocolates & Sweets', '1632577263_5.jpg', '1', '0', '2021-09-12 10:40:33', '2021-09-25 17:11:03', NULL),
(19, 2, 'Sauces & Ketchup', '1632578924_8.jpg', '1', '0', '2021-09-12 10:41:09', '2021-09-25 17:38:44', NULL),
(20, NULL, 'Cleaning & Household Items', '1632418249_cleaning-household.jpg', '1', '0', '2021-09-23 21:00:49', '2021-09-23 21:00:49', NULL),
(21, NULL, 'Beauty & Hygiene', '1632418348_beauty.jpg', '1', '1', '2021-09-23 21:02:28', '2021-09-26 13:19:13', NULL),
(22, NULL, 'Health & Wellness', '1632418381_ayurbevic.jpg', '1', '1', '2021-09-23 21:03:01', '2021-09-26 13:19:11', NULL),
(23, NULL, 'Home & Living', '1632419862_home-living.jpg', '1', '0', '2021-09-23 21:27:42', '2021-09-23 21:27:42', NULL),
(24, 2, 'Breakfast Cereals', '1632580174_9.jpg', '1', '0', '2021-09-25 17:59:34', '2021-09-25 18:15:56', NULL),
(25, 2, 'Ready to Cook', '1632580408_10.jpg', '1', '0', '2021-09-25 18:03:28', '2021-09-25 18:03:28', NULL),
(26, 2, 'Pickles & Vineger', '1632580728_11.jpg', '1', '0', '2021-09-25 18:08:48', '2021-09-25 18:08:48', NULL),
(27, 3, 'Ghee', '1633173257_ghee.jpg', '1', '0', '2021-10-02 14:44:19', '2021-10-02 14:44:19', NULL),
(28, 3, 'Milk Powders & Creams', '1633173554_milk powder.jpg', '1', '0', '2021-10-02 14:49:14', '2021-10-02 14:49:14', NULL),
(29, 3, 'Long Life Milk', '1633173706_amul taaza.jpg', '1', '0', '2021-10-02 14:51:46', '2021-10-02 14:51:46', NULL),
(30, 3, 'Cakes', '1633173936_cake.jpg', '1', '0', '2021-10-02 14:55:36', '2021-10-02 14:55:36', NULL),
(31, 3, 'Buttermilk & Lassi', '1633174107_amul lassi.jpg', '1', '0', '2021-10-02 14:58:27', '2021-10-02 14:58:27', NULL),
(32, 3, 'Bakery Snacks', '1633174353_bauli.jpg', '1', '0', '2021-10-02 15:02:33', '2021-10-02 15:02:33', NULL),
(33, 4, 'Tea', '1633174545_TEA.jpg', '1', '1', '2021-10-02 15:05:45', '2021-10-03 14:35:11', NULL),
(34, 4, 'Health Drinks', '1633175232_health drink.jpg', '1', '1', '2021-10-02 15:17:12', '2021-10-03 14:35:14', NULL),
(35, 4, 'Soft Drinks', '1633175328_soft drinks.jpg', '1', '1', '2021-10-02 15:18:48', '2021-10-03 14:35:18', NULL),
(36, 4, 'Coffee', '1633175460_coffee.jpg', '1', '1', '2021-10-02 15:21:01', '2021-10-03 14:35:24', NULL),
(37, 4, 'Water & Soda', '1633259379_water soda.jpg', '1', '1', '2021-10-03 14:39:39', '2021-10-03 14:39:47', NULL),
(38, 4, 'Juices', '1633259611_juices.jpg', '1', '1', '2021-10-03 14:43:31', '2021-10-03 14:43:35', NULL);

-- --------------------------------------------------------

--
-- Table structure for table `cms_contents`
--

CREATE TABLE `cms_contents` (
  `id` int(11) NOT NULL,
  `slug` varchar(200) NOT NULL,
  `page_name` varchar(200) NOT NULL,
  `page_title` varchar(200) NOT NULL,
  `content` blob DEFAULT NULL,
  `meta_tags` text DEFAULT NULL,
  `meta_title` text DEFAULT NULL,
  `meta_description` text DEFAULT NULL,
  `meta_keywords` text DEFAULT NULL,
  `created_at` timestamp NOT NULL DEFAULT current_timestamp(),
  `updated_at` timestamp NOT NULL DEFAULT current_timestamp()
) ENGINE=InnoDB DEFAULT CHARSET=utf8mb4;

--
-- Dumping data for table `cms_contents`
--

INSERT INTO `cms_contents` (`id`, `slug`, `page_name`, `page_title`, `content`, `meta_tags`, `meta_title`, `meta_description`, `meta_keywords`, `created_at`, `updated_at`) VALUES
(1, 'privacy-policy', 'Privacy Policy', 'Privacy Policy', 0x3c68313e5072697661637920506f6c69637920666f72204172616d6261676820506c617a613c2f68313e0d0a0d0a3c703e4174204172616d6261676820506c617a612c2061636365737369626c652066726f6d206172616d62616768706c617a612e636f6d2c206f6e65206f66206f7572206d61696e207072696f726974696573206973207468652070726976616379206f66206f75722076697369746f72732e2054686973205072697661637920506f6c69637920646f63756d656e7420636f6e7461696e73207479706573206f6620696e666f726d6174696f6e207468617420697320636f6c6c656374656420616e64207265636f72646564206279204172616d6261676820506c617a6120616e6420686f77207765207573652069742e3c2f703e0d0a0d0a3c703e496620796f752068617665206164646974696f6e616c207175657374696f6e73206f722072657175697265206d6f726520696e666f726d6174696f6e2061626f7574206f7572205072697661637920506f6c6963792c20646f206e6f7420686573697461746520746f20636f6e746163742075732e3c2f703e0d0a0d0a3c703e54686973205072697661637920506f6c696379206170706c696573206f6e6c7920746f206f7572206f6e6c696e65206163746976697469657320616e642069732076616c696420666f722076697369746f727320746f206f757220776562736974652077697468207265676172647320746f2074686520696e666f726d6174696f6e207468617420746865792073686172656420616e642f6f7220636f6c6c65637420696e204172616d6261676820506c617a612e205468697320706f6c696379206973206e6f74206170706c696361626c6520746f20616e7920696e666f726d6174696f6e20636f6c6c6563746564206f66666c696e65206f7220766961206368616e6e656c73206f74686572207468616e207468697320776562736974652e3c2f703e0d0a0d0a3c68323e436f6e73656e743c2f68323e0d0a0d0a3c703e4279207573696e67206f757220776562736974652c20796f752068657265627920636f6e73656e7420746f206f7572205072697661637920506f6c69637920616e6420616772656520746f20697473207465726d732e3c2f703e0d0a0d0a3c68323e496e666f726d6174696f6e20776520636f6c6c6563743c2f68323e0d0a0d0a3c703e54686520706572736f6e616c20696e666f726d6174696f6e207468617420796f75206172652061736b656420746f2070726f766964652c20616e642074686520726561736f6e732077687920796f75206172652061736b656420746f2070726f766964652069742c2077696c6c206265206d61646520636c65617220746f20796f752061742074686520706f696e742077652061736b20796f7520746f2070726f7669646520796f757220706572736f6e616c20696e666f726d6174696f6e2e3c2f703e0d0a0d0a3c703e496620796f7520636f6e74616374207573206469726563746c792c207765206d61792072656365697665206164646974696f6e616c20696e666f726d6174696f6e2061626f757420796f75207375636820617320796f7572206e616d652c20656d61696c20616464726573732c2070686f6e65206e756d6265722c2074686520636f6e74656e7473206f6620746865206d65737361676520616e642f6f72206174746163686d656e747320796f75206d61792073656e642075732c20616e6420616e79206f7468657220696e666f726d6174696f6e20796f75206d61792063686f6f736520746f2070726f766964652e3c2f703e0d0a0d0a3c703e5768656e20796f7520726567697374657220666f7220616e204163636f756e742c207765206d61792061736b20666f7220796f757220636f6e7461637420696e666f726d6174696f6e2c20696e636c7564696e67206974656d732073756368206173206e616d652c20636f6d70616e79206e616d652c20616464726573732c20656d61696c20616464726573732c20616e642074656c6570686f6e65206e756d6265722e3c2f703e0d0a0d0a3c68323e486f772077652075736520796f757220696e666f726d6174696f6e3c2f68323e0d0a0d0a3c703e5765207573652074686520696e666f726d6174696f6e20776520636f6c6c65637420696e20766172696f757320776179732c20696e636c7564696e6720746f3a3c2f703e0d0a0d0a3c756c3e0d0a093c6c693e50726f766964652c206f7065726174652c20616e64206d61696e7461696e206f757220776562736974653c2f6c693e0d0a093c6c693e496d70726f76652c20706572736f6e616c697a652c20616e6420657870616e64206f757220776562736974653c2f6c693e0d0a093c6c693e556e6465727374616e6420616e6420616e616c797a6520686f7720796f7520757365206f757220776562736974653c2f6c693e0d0a093c6c693e446576656c6f70206e65772070726f64756374732c2073657276696365732c2066656174757265732c20616e642066756e6374696f6e616c6974793c2f6c693e0d0a093c6c693e436f6d6d756e6963617465207769746820796f752c20656974686572206469726563746c79206f72207468726f756768206f6e65206f66206f757220706172746e6572732c20696e636c7564696e6720666f7220637573746f6d657220736572766963652c20746f2070726f7669646520796f752077697468207570646174657320616e64206f7468657220696e666f726d6174696f6e2072656c6174696e6720746f2074686520776562736974652c20616e6420666f72206d61726b6574696e6720616e642070726f6d6f74696f6e616c20707572706f7365733c2f6c693e0d0a093c6c693e53656e6420796f7520656d61696c733c2f6c693e0d0a093c6c693e46696e6420616e642070726576656e742066726175643c2f6c693e0d0a3c2f756c3e0d0a0d0a3c68323e4c6f672046696c65733c2f68323e0d0a0d0a3c703e4172616d6261676820506c617a6120666f6c6c6f77732061207374616e646172642070726f636564757265206f66207573696e67206c6f672066696c65732e2054686573652066696c6573206c6f672076697369746f7273207768656e20746865792076697369742077656273697465732e20416c6c20686f7374696e6720636f6d70616e69657320646f207468697320616e6420612070617274206f6620686f7374696e67207365727669636573262333393b20616e616c79746963732e2054686520696e666f726d6174696f6e20636f6c6c6563746564206279206c6f672066696c657320696e636c75646520696e7465726e65742070726f746f636f6c2028495029206164647265737365732c2062726f7773657220747970652c20496e7465726e657420536572766963652050726f76696465722028495350292c206461746520616e642074696d65207374616d702c20726566657272696e672f657869742070616765732c20616e6420706f737369626c7920746865206e756d626572206f6620636c69636b732e20546865736520617265206e6f74206c696e6b656420746f20616e7920696e666f726d6174696f6e207468617420697320706572736f6e616c6c79206964656e7469666961626c652e2054686520707572706f7365206f662074686520696e666f726d6174696f6e20697320666f7220616e616c797a696e67207472656e64732c2061646d696e6973746572696e672074686520736974652c20747261636b696e67207573657273262333393b206d6f76656d656e74206f6e2074686520776562736974652c20616e6420676174686572696e672064656d6f6772617068696320696e666f726d6174696f6e2e3c2f703e0d0a0d0a3c68323e436f6f6b69657320616e642057656220426561636f6e733c2f68323e0d0a0d0a3c703e4c696b6520616e79206f7468657220776562736974652c204172616d6261676820506c617a61207573657320262333393b636f6f6b696573262333393b2e20546865736520636f6f6b69657320617265207573656420746f2073746f726520696e666f726d6174696f6e20696e636c7564696e672076697369746f7273262333393b20707265666572656e6365732c20616e6420746865207061676573206f6e2074686520776562736974652074686174207468652076697369746f72206163636573736564206f7220766973697465642e2054686520696e666f726d6174696f6e206973207573656420746f206f7074696d697a6520746865207573657273262333393b20657870657269656e636520627920637573746f6d697a696e67206f757220776562207061676520636f6e74656e74206261736564206f6e2076697369746f7273262333393b2062726f77736572207479706520616e642f6f72206f7468657220696e666f726d6174696f6e2e3c2f703e0d0a0d0a3c703e466f72206d6f72652067656e6572616c20696e666f726d6174696f6e206f6e20636f6f6b6965732c20706c656173652072656164203c6120687265663d2268747470733a2f2f7777772e67656e657261746570726976616379706f6c6963792e636f6d2f23636f6f6b696573223e2671756f743b436f6f6b6965732671756f743b2061727469636c652066726f6d20746865205072697661637920506f6c6963792047656e657261746f723c2f613e2e3c2f703e0d0a0d0a3c68323e4164766572746973696e6720506172746e657273205072697661637920506f6c69636965733c2f68323e0d0a0d0a3c703e596f75206d617920636f6e73756c742074686973206c69737420746f2066696e6420746865205072697661637920506f6c69637920666f722065616368206f6620746865206164766572746973696e6720706172746e657273206f66204172616d6261676820506c617a612e3c2f703e0d0a0d0a3c703e54686972642d70617274792061642073657276657273206f72206164206e6574776f726b73207573657320746563686e6f6c6f67696573206c696b6520636f6f6b6965732c204a6176615363726970742c206f722057656220426561636f6e73207468617420617265207573656420696e2074686569722072657370656374697665206164766572746973656d656e747320616e64206c696e6b73207468617420617070656172206f6e204172616d6261676820506c617a612c207768696368206172652073656e74206469726563746c7920746f207573657273262333393b2062726f777365722e2054686579206175746f6d61746963616c6c79207265636569766520796f75722049502061646472657373207768656e2074686973206f63637572732e20546865736520746563686e6f6c6f6769657320617265207573656420746f206d65617375726520746865206566666563746976656e657373206f66207468656972206164766572746973696e672063616d706169676e7320616e642f6f7220746f20706572736f6e616c697a6520746865206164766572746973696e6720636f6e74656e74207468617420796f7520736565206f6e207765627369746573207468617420796f752076697369742e3c2f703e0d0a0d0a3c703e4e6f74652074686174204172616d6261676820506c617a6120686173206e6f2061636365737320746f206f7220636f6e74726f6c206f76657220746865736520636f6f6b69657320746861742061726520757365642062792074686972642d70617274792061647665727469736572732e3c2f703e0d0a0d0a3c68323e5468697264205061727479205072697661637920506f6c69636965733c2f68323e0d0a0d0a3c703e4172616d6261676820506c617a61262333393b73205072697661637920506f6c69637920646f6573206e6f74206170706c7920746f206f74686572206164766572746973657273206f722077656273697465732e20546875732c20776520617265206164766973696e6720796f7520746f20636f6e73756c74207468652072657370656374697665205072697661637920506f6c6963696573206f662074686573652074686972642d7061727479206164207365727665727320666f72206d6f72652064657461696c656420696e666f726d6174696f6e2e204974206d617920696e636c7564652074686569722070726163746963657320616e6420696e737472756374696f6e732061626f757420686f7720746f206f70742d6f7574206f66206365727461696e206f7074696f6e732e3c2f703e0d0a0d0a3c703e596f752063616e2063686f6f736520746f2064697361626c6520636f6f6b696573207468726f75676820796f757220696e646976696475616c2062726f77736572206f7074696f6e732e20546f206b6e6f77206d6f72652064657461696c656420696e666f726d6174696f6e2061626f757420636f6f6b6965206d616e6167656d656e742077697468207370656369666963207765622062726f77736572732c2069742063616e20626520666f756e64206174207468652062726f7773657273262333393b20726573706563746976652077656273697465732e3c2f703e0d0a0d0a3c68323e434350412050726976616379205269676874732028446f204e6f742053656c6c204d7920506572736f6e616c20496e666f726d6174696f6e293c2f68323e0d0a0d0a3c703e556e6465722074686520434350412c20616d6f6e67206f74686572207269676874732c2043616c69666f726e696120636f6e73756d65727320686176652074686520726967687420746f3a3c2f703e0d0a0d0a3c703e526571756573742074686174206120627573696e657373207468617420636f6c6c65637473206120636f6e73756d6572262333393b7320706572736f6e616c206461746120646973636c6f7365207468652063617465676f7269657320616e6420737065636966696320706965636573206f6620706572736f6e616c20646174612074686174206120627573696e6573732068617320636f6c6c65637465642061626f757420636f6e73756d6572732e3c2f703e0d0a0d0a3c703e526571756573742074686174206120627573696e6573732064656c65746520616e7920706572736f6e616c20646174612061626f75742074686520636f6e73756d65722074686174206120627573696e6573732068617320636f6c6c65637465642e3c2f703e0d0a0d0a3c703e526571756573742074686174206120627573696e65737320746861742073656c6c73206120636f6e73756d6572262333393b7320706572736f6e616c20646174612c206e6f742073656c6c2074686520636f6e73756d6572262333393b7320706572736f6e616c20646174612e3c2f703e0d0a0d0a3c703e496620796f75206d616b65206120726571756573742c2077652068617665206f6e65206d6f6e746820746f20726573706f6e6420746f20796f752e20496620796f7520776f756c64206c696b6520746f20657865726369736520616e79206f66207468657365207269676874732c20706c6561736520636f6e746163742075732e3c2f703e0d0a0d0a3c68323e4744505220446174612050726f74656374696f6e205269676874733c2f68323e0d0a0d0a3c703e576520776f756c64206c696b6520746f206d616b65207375726520796f75206172652066756c6c79206177617265206f6620616c6c206f6620796f757220646174612070726f74656374696f6e207269676874732e204576657279207573657220697320656e7469746c656420746f2074686520666f6c6c6f77696e673a3c2f703e0d0a0d0a3c703e54686520726967687420746f2061636365737320266e646173683b20596f7520686176652074686520726967687420746f207265717565737420636f70696573206f6620796f757220706572736f6e616c20646174612e205765206d61792063686172676520796f75206120736d616c6c2066656520666f72207468697320736572766963652e3c2f703e0d0a0d0a3c703e54686520726967687420746f2072656374696669636174696f6e20266e646173683b20596f7520686176652074686520726967687420746f2072657175657374207468617420776520636f727265637420616e7920696e666f726d6174696f6e20796f752062656c6965766520697320696e61636375726174652e20596f7520616c736f20686176652074686520726967687420746f2072657175657374207468617420776520636f6d706c6574652074686520696e666f726d6174696f6e20796f752062656c6965766520697320696e636f6d706c6574652e3c2f703e0d0a0d0a3c703e54686520726967687420746f206572617375726520266e646173683b20596f7520686176652074686520726967687420746f2072657175657374207468617420776520657261736520796f757220706572736f6e616c20646174612c20756e646572206365727461696e20636f6e646974696f6e732e3c2f703e0d0a0d0a3c703e54686520726967687420746f2072657374726963742070726f63657373696e6720266e646173683b20596f7520686176652074686520726967687420746f20726571756573742074686174207765207265737472696374207468652070726f63657373696e67206f6620796f757220706572736f6e616c20646174612c20756e646572206365727461696e20636f6e646974696f6e732e3c2f703e0d0a0d0a3c703e54686520726967687420746f206f626a65637420746f2070726f63657373696e6720266e646173683b20596f7520686176652074686520726967687420746f206f626a65637420746f206f75722070726f63657373696e67206f6620796f757220706572736f6e616c20646174612c20756e646572206365727461696e20636f6e646974696f6e732e3c2f703e0d0a0d0a3c703e54686520726967687420746f206461746120706f72746162696c69747920266e646173683b20596f7520686176652074686520726967687420746f20726571756573742074686174207765207472616e736665722074686520646174612074686174207765206861766520636f6c6c656374656420746f20616e6f74686572206f7267616e697a6174696f6e2c206f72206469726563746c7920746f20796f752c20756e646572206365727461696e20636f6e646974696f6e732e3c2f703e0d0a0d0a3c703e496620796f75206d616b65206120726571756573742c2077652068617665206f6e65206d6f6e746820746f20726573706f6e6420746f20796f752e20496620796f7520776f756c64206c696b6520746f20657865726369736520616e79206f66207468657365207269676874732c20706c6561736520636f6e746163742075732e3c2f703e0d0a0d0a3c68323e4368696c6472656e262333393b7320496e666f726d6174696f6e3c2f68323e0d0a0d0a3c703e416e6f746865722070617274206f66206f7572207072696f7269747920697320616464696e672070726f74656374696f6e20666f72206368696c6472656e207768696c65207573696e672074686520696e7465726e65742e20576520656e636f757261676520706172656e747320616e6420677561726469616e7320746f206f6273657276652c20706172746963697061746520696e2c20616e642f6f72206d6f6e69746f7220616e64206775696465207468656972206f6e6c696e652061637469766974792e3c2f703e0d0a0d0a3c703e4172616d6261676820506c617a6120646f6573206e6f74206b6e6f77696e676c7920636f6c6c65637420616e7920506572736f6e616c204964656e7469666961626c6520496e666f726d6174696f6e2066726f6d206368696c6472656e20756e6465722074686520616765206f662031332e20496620796f75207468696e6b207468617420796f7572206368696c642070726f76696465642074686973206b696e64206f6620696e666f726d6174696f6e206f6e206f757220776562736974652c207765207374726f6e676c7920656e636f757261676520796f7520746f20636f6e7461637420757320696d6d6564696174656c7920616e642077652077696c6c20646f206f75722062657374206566666f72747320746f2070726f6d70746c792072656d6f7665207375636820696e666f726d6174696f6e2066726f6d206f7572207265636f7264732e3c2f703e, NULL, NULL, NULL, NULL, '2021-10-16 19:53:07', '2021-10-16 19:55:51'),
(2, 'terms-conditions', 'Terms & Conditions', 'Terms & Conditions', 0x3c68323e3c7374726f6e673e5465726d7320616e6420436f6e646974696f6e733c2f7374726f6e673e3c2f68323e0d0a0d0a202020202020202020202020202020203c703e57656c636f6d6520746f204172616d6261676820506c617a61213c2f703e0d0a0d0a202020202020202020202020202020203c703e5468657365207465726d7320616e6420636f6e646974696f6e73206f75746c696e65207468652072756c657320616e6420726567756c6174696f6e7320666f722074686520757365206f66204172616d6261676820506c617a61277320576562736974652c206c6f6361746564206174206172616d62616768706c617a612e636f6d2e3c2f703e0d0a0d0a202020202020202020202020202020203c703e427920616363657373696e672074686973207765627369746520776520617373756d6520796f7520616363657074207468657365207465726d7320616e6420636f6e646974696f6e732e20446f206e6f7420636f6e74696e756520746f20757365204172616d6261676820506c617a6120696620796f7520646f206e6f7420616772656520746f2074616b6520616c6c206f6620746865207465726d7320616e6420636f6e646974696f6e7320737461746564206f6e207468697320706167652e3c2f703e0d0a0d0a202020202020202020202020202020203c703e54686520666f6c6c6f77696e67207465726d696e6f6c6f6779206170706c69657320746f207468657365205465726d7320616e6420436f6e646974696f6e732c20507269766163792053746174656d656e7420616e6420446973636c61696d6572204e6f7469636520616e6420616c6c2041677265656d656e74733a2022436c69656e74222c2022596f752220616e642022596f7572222072656665727320746f20796f752c2074686520706572736f6e206c6f67206f6e2074686973207765627369746520616e6420636f6d706c69616e7420746f2074686520436f6d70616e79e2809973207465726d7320616e6420636f6e646974696f6e732e202254686520436f6d70616e79222c20224f757273656c766573222c20225765222c20224f75722220616e6420225573222c2072656665727320746f206f757220436f6d70616e792e20225061727479222c202250617274696573222c206f7220225573222c2072656665727320746f20626f74682074686520436c69656e7420616e64206f757273656c7665732e20416c6c207465726d7320726566657220746f20746865206f666665722c20616363657074616e636520616e6420636f6e73696465726174696f6e206f66207061796d656e74206e656365737361727920746f20756e64657274616b65207468652070726f63657373206f66206f757220617373697374616e636520746f2074686520436c69656e7420696e20746865206d6f737420617070726f707269617465206d616e6e657220666f7220746865206578707265737320707572706f7365206f66206d656574696e672074686520436c69656e74e2809973206e6565647320696e2072657370656374206f662070726f766973696f6e206f662074686520436f6d70616e79e2809973207374617465642073657276696365732c20696e206163636f7264616e6365207769746820616e64207375626a65637420746f2c207072657661696c696e67206c6177206f66204e65746865726c616e64732e20416e7920757365206f66207468652061626f7665207465726d696e6f6c6f6779206f72206f7468657220776f72647320696e207468652073696e67756c61722c20706c7572616c2c206361706974616c697a6174696f6e20616e642f6f722068652f736865206f7220746865792c206172652074616b656e20617320696e7465726368616e676561626c6520616e64207468657265666f726520617320726566657272696e6720746f2073616d652e3c2f703e0d0a0d0a202020202020202020202020202020203c68333e3c7374726f6e673e436f6f6b6965733c2f7374726f6e673e3c2f68333e0d0a0d0a202020202020202020202020202020203c703e576520656d706c6f792074686520757365206f6620636f6f6b6965732e20427920616363657373696e67204172616d6261676820506c617a612c20796f752061677265656420746f2075736520636f6f6b69657320696e2061677265656d656e74207769746820746865204172616d6261676820506c617a612773205072697661637920506f6c6963792e203c2f703e0d0a0d0a202020202020202020202020202020203c703e4d6f737420696e7465726163746976652077656273697465732075736520636f6f6b69657320746f206c6574207573207265747269657665207468652075736572e28099732064657461696c7320666f7220656163682076697369742e20436f6f6b696573206172652075736564206279206f7572207765627369746520746f20656e61626c65207468652066756e6374696f6e616c697479206f66206365727461696e20617265617320746f206d616b652069742065617369657220666f722070656f706c65207669736974696e67206f757220776562736974652e20536f6d65206f66206f757220616666696c696174652f6164766572746973696e6720706172746e657273206d617920616c736f2075736520636f6f6b6965732e3c2f703e0d0a0d0a202020202020202020202020202020203c68333e3c7374726f6e673e4c6963656e73653c2f7374726f6e673e3c2f68333e0d0a0d0a202020202020202020202020202020203c703e556e6c657373206f7468657277697365207374617465642c204172616d6261676820506c617a6120616e642f6f7220697473206c6963656e736f7273206f776e2074686520696e74656c6c65637475616c2070726f70657274792072696768747320666f7220616c6c206d6174657269616c206f6e204172616d6261676820506c617a612e20416c6c20696e74656c6c65637475616c2070726f706572747920726967687473206172652072657365727665642e20596f75206d61792061636365737320746869732066726f6d204172616d6261676820506c617a6120666f7220796f7572206f776e20706572736f6e616c20757365207375626a656374656420746f207265737472696374696f6e732073657420696e207468657365207465726d7320616e6420636f6e646974696f6e732e3c2f703e0d0a0d0a202020202020202020202020202020203c703e596f75206d757374206e6f743a3c2f703e0d0a202020202020202020202020202020203c756c3e0d0a20202020202020202020202020202020202020203c6c693e52657075626c697368206d6174657269616c2066726f6d204172616d6261676820506c617a613c2f6c693e0d0a20202020202020202020202020202020202020203c6c693e53656c6c2c2072656e74206f72207375622d6c6963656e7365206d6174657269616c2066726f6d204172616d6261676820506c617a613c2f6c693e0d0a20202020202020202020202020202020202020203c6c693e526570726f647563652c206475706c6963617465206f7220636f7079206d6174657269616c2066726f6d204172616d6261676820506c617a613c2f6c693e0d0a20202020202020202020202020202020202020203c6c693e52656469737472696275746520636f6e74656e742066726f6d204172616d6261676820506c617a613c2f6c693e0d0a202020202020202020202020202020203c2f756c3e0d0a0d0a202020202020202020202020202020203c703e546869732041677265656d656e74207368616c6c20626567696e206f6e20746865206461746520686572656f662e204f7572205465726d7320616e6420436f6e646974696f6e73207765726520637265617465642077697468207468652068656c70206f6620746865203c6120687265663d2268747470733a2f2f7777772e7465726d73616e64636f6e646974696f6e7367656e657261746f722e636f6d223e5465726d7320416e6420436f6e646974696f6e732047656e657261746f723c2f613e2e3c2f703e0d0a0d0a202020202020202020202020202020203c703e5061727473206f6620746869732077656273697465206f6666657220616e206f70706f7274756e69747920666f7220757365727320746f20706f737420616e642065786368616e6765206f70696e696f6e7320616e6420696e666f726d6174696f6e20696e206365727461696e206172656173206f662074686520776562736974652e204172616d6261676820506c617a6120646f6573206e6f742066696c7465722c20656469742c207075626c697368206f722072657669657720436f6d6d656e7473207072696f7220746f2074686569722070726573656e6365206f6e2074686520776562736974652e20436f6d6d656e747320646f206e6f74207265666c6563742074686520766965777320616e64206f70696e696f6e73206f66204172616d6261676820506c617a612c697473206167656e747320616e642f6f7220616666696c69617465732e20436f6d6d656e7473207265666c6563742074686520766965777320616e64206f70696e696f6e73206f662074686520706572736f6e2077686f20706f737420746865697220766965777320616e64206f70696e696f6e732e20546f2074686520657874656e74207065726d6974746564206279206170706c696361626c65206c6177732c204172616d6261676820506c617a61207368616c6c206e6f74206265206c6961626c6520666f722074686520436f6d6d656e7473206f7220666f7220616e79206c696162696c6974792c2064616d61676573206f7220657870656e7365732063617573656420616e642f6f72207375666665726564206173206120726573756c74206f6620616e7920757365206f6620616e642f6f7220706f7374696e67206f6620616e642f6f7220617070656172616e6365206f662074686520436f6d6d656e7473206f6e207468697320776562736974652e3c2f703e0d0a0d0a202020202020202020202020202020203c703e4172616d6261676820506c617a612072657365727665732074686520726967687420746f206d6f6e69746f7220616c6c20436f6d6d656e747320616e6420746f2072656d6f766520616e7920436f6d6d656e74732077686963682063616e20626520636f6e7369646572656420696e617070726f7072696174652c206f6666656e73697665206f722063617573657320627265616368206f66207468657365205465726d7320616e6420436f6e646974696f6e732e3c2f703e0d0a0d0a202020202020202020202020202020203c703e596f752077617272616e7420616e6420726570726573656e7420746861743a3c2f703e0d0a0d0a202020202020202020202020202020203c756c3e0d0a20202020202020202020202020202020202020203c6c693e596f752061726520656e7469746c656420746f20706f73742074686520436f6d6d656e7473206f6e206f7572207765627369746520616e64206861766520616c6c206e6563657373617279206c6963656e73657320616e6420636f6e73656e747320746f20646f20736f3b3c2f6c693e0d0a20202020202020202020202020202020202020203c6c693e54686520436f6d6d656e747320646f206e6f7420696e7661646520616e7920696e74656c6c65637475616c2070726f70657274792072696768742c20696e636c7564696e6720776974686f7574206c696d69746174696f6e20636f707972696768742c20706174656e74206f722074726164656d61726b206f6620616e792074686972642070617274793b3c2f6c693e0d0a20202020202020202020202020202020202020203c6c693e54686520436f6d6d656e747320646f206e6f7420636f6e7461696e20616e7920646566616d61746f72792c206c6962656c6f75732c206f6666656e736976652c20696e646563656e74206f72206f746865727769736520756e6c617766756c206d6174657269616c20776869636820697320616e20696e766173696f6e206f6620707269766163793c2f6c693e0d0a20202020202020202020202020202020202020203c6c693e54686520436f6d6d656e74732077696c6c206e6f74206265207573656420746f20736f6c69636974206f722070726f6d6f746520627573696e657373206f7220637573746f6d206f722070726573656e7420636f6d6d65726369616c2061637469766974696573206f7220756e6c617766756c2061637469766974792e3c2f6c693e0d0a202020202020202020202020202020203c2f756c3e0d0a0d0a202020202020202020202020202020203c703e596f7520686572656279206772616e74204172616d6261676820506c617a612061206e6f6e2d6578636c7573697665206c6963656e736520746f207573652c20726570726f647563652c206564697420616e6420617574686f72697a65206f746865727320746f207573652c20726570726f6475636520616e64206564697420616e79206f6620796f757220436f6d6d656e747320696e20616e7920616e6420616c6c20666f726d732c20666f726d617473206f72206d656469612e3c2f703e0d0a0d0a202020202020202020202020202020203c68333e3c7374726f6e673e48797065726c696e6b696e6720746f206f757220436f6e74656e743c2f7374726f6e673e3c2f68333e0d0a0d0a202020202020202020202020202020203c703e54686520666f6c6c6f77696e67206f7267616e697a6174696f6e73206d6179206c696e6b20746f206f7572205765627369746520776974686f7574207072696f72207772697474656e20617070726f76616c3a3c2f703e0d0a0d0a202020202020202020202020202020203c756c3e0d0a20202020202020202020202020202020202020203c6c693e476f7665726e6d656e74206167656e636965733b3c2f6c693e0d0a20202020202020202020202020202020202020203c6c693e53656172636820656e67696e65733b3c2f6c693e0d0a20202020202020202020202020202020202020203c6c693e4e657773206f7267616e697a6174696f6e733b3c2f6c693e0d0a20202020202020202020202020202020202020203c6c693e4f6e6c696e65206469726563746f7279206469737472696275746f7273206d6179206c696e6b20746f206f7572205765627369746520696e207468652073616d65206d616e6e657220617320746865792068797065726c696e6b20746f20746865205765627369746573206f66206f74686572206c697374656420627573696e65737365733b20616e643c2f6c693e0d0a20202020202020202020202020202020202020203c6c693e53797374656d2077696465204163637265646974656420427573696e65737365732065786365707420736f6c69636974696e67206e6f6e2d70726f666974206f7267616e697a6174696f6e732c20636861726974792073686f7070696e67206d616c6c732c20616e6420636861726974792066756e6472616973696e672067726f757073207768696368206d6179206e6f742068797065726c696e6b20746f206f75722057656220736974652e3c2f6c693e0d0a202020202020202020202020202020203c2f756c3e0d0a0d0a202020202020202020202020202020203c703e5468657365206f7267616e697a6174696f6e73206d6179206c696e6b20746f206f757220686f6d6520706167652c20746f207075626c69636174696f6e73206f7220746f206f74686572205765627369746520696e666f726d6174696f6e20736f206c6f6e6720617320746865206c696e6b3a20286129206973206e6f7420696e20616e7920776179206465636570746976653b2028622920646f6573206e6f742066616c73656c7920696d706c792073706f6e736f72736869702c20656e646f7273656d656e74206f7220617070726f76616c206f6620746865206c696e6b696e6720706172747920616e64206974732070726f647563747320616e642f6f722073657276696365733b20616e642028632920666974732077697468696e2074686520636f6e74657874206f6620746865206c696e6b696e67207061727479e280997320736974652e3c2f703e0d0a0d0a202020202020202020202020202020203c703e5765206d617920636f6e736964657220616e6420617070726f7665206f74686572206c696e6b2072657175657374732066726f6d2074686520666f6c6c6f77696e67207479706573206f66206f7267616e697a6174696f6e733a3c2f703e0d0a0d0a202020202020202020202020202020203c756c3e0d0a20202020202020202020202020202020202020203c6c693e636f6d6d6f6e6c792d6b6e6f776e20636f6e73756d657220616e642f6f7220627573696e65737320696e666f726d6174696f6e20736f75726365733b3c2f6c693e0d0a20202020202020202020202020202020202020203c6c693e646f742e636f6d20636f6d6d756e6974792073697465733b3c2f6c693e0d0a20202020202020202020202020202020202020203c6c693e6173736f63696174696f6e73206f72206f746865722067726f75707320726570726573656e74696e67206368617269746965733b3c2f6c693e0d0a20202020202020202020202020202020202020203c6c693e6f6e6c696e65206469726563746f7279206469737472696275746f72733b3c2f6c693e0d0a20202020202020202020202020202020202020203c6c693e696e7465726e657420706f7274616c733b3c2f6c693e0d0a20202020202020202020202020202020202020203c6c693e6163636f756e74696e672c206c617720616e6420636f6e73756c74696e67206669726d733b20616e643c2f6c693e0d0a20202020202020202020202020202020202020203c6c693e656475636174696f6e616c20696e737469747574696f6e7320616e64207472616465206173736f63696174696f6e732e3c2f6c693e0d0a202020202020202020202020202020203c2f756c3e0d0a0d0a202020202020202020202020202020203c703e57652077696c6c20617070726f7665206c696e6b2072657175657374732066726f6d207468657365206f7267616e697a6174696f6e732069662077652064656369646520746861743a2028612920746865206c696e6b20776f756c64206e6f74206d616b65207573206c6f6f6b20756e6661766f7261626c7920746f206f757273656c766573206f7220746f206f7572206163637265646974656420627573696e65737365733b2028622920746865206f7267616e697a6174696f6e20646f6573206e6f74206861766520616e79206e65676174697665207265636f72647320776974682075733b20286329207468652062656e6566697420746f2075732066726f6d20746865207669736962696c697479206f66207468652068797065726c696e6b20636f6d70656e73617465732074686520616273656e6365206f66204172616d6261676820506c617a613b20616e642028642920746865206c696e6b20697320696e2074686520636f6e74657874206f662067656e6572616c207265736f7572636520696e666f726d6174696f6e2e3c2f703e0d0a0d0a202020202020202020202020202020203c703e5468657365206f7267616e697a6174696f6e73206d6179206c696e6b20746f206f757220686f6d65207061676520736f206c6f6e6720617320746865206c696e6b3a20286129206973206e6f7420696e20616e7920776179206465636570746976653b2028622920646f6573206e6f742066616c73656c7920696d706c792073706f6e736f72736869702c20656e646f7273656d656e74206f7220617070726f76616c206f6620746865206c696e6b696e6720706172747920616e64206974732070726f6475637473206f722073657276696365733b20616e642028632920666974732077697468696e2074686520636f6e74657874206f6620746865206c696e6b696e67207061727479e280997320736974652e3c2f703e0d0a0d0a202020202020202020202020202020203c703e496620796f7520617265206f6e65206f6620746865206f7267616e697a6174696f6e73206c697374656420696e2070617261677261706820322061626f766520616e642061726520696e746572657374656420696e206c696e6b696e6720746f206f757220776562736974652c20796f75206d75737420696e666f726d2075732062792073656e64696e6720616e20652d6d61696c20746f204172616d6261676820506c617a612e20506c6561736520696e636c75646520796f7572206e616d652c20796f7572206f7267616e697a6174696f6e206e616d652c20636f6e7461637420696e666f726d6174696f6e2061732077656c6c206173207468652055524c206f6620796f757220736974652c2061206c697374206f6620616e792055524c732066726f6d20776869636820796f7520696e74656e6420746f206c696e6b20746f206f757220576562736974652c20616e642061206c697374206f66207468652055524c73206f6e206f7572207369746520746f20776869636820796f7520776f756c64206c696b6520746f206c696e6b2e205761697420322d33207765656b7320666f72206120726573706f6e73652e3c2f703e0d0a0d0a202020202020202020202020202020203c703e417070726f766564206f7267616e697a6174696f6e73206d61792068797065726c696e6b20746f206f7572205765627369746520617320666f6c6c6f77733a3c2f703e0d0a0d0a202020202020202020202020202020203c756c3e0d0a20202020202020202020202020202020202020203c6c693e427920757365206f66206f757220636f72706f72617465206e616d653b206f723c2f6c693e0d0a20202020202020202020202020202020202020203c6c693e427920757365206f662074686520756e69666f726d207265736f75726365206c6f6361746f72206265696e67206c696e6b656420746f3b206f723c2f6c693e0d0a20202020202020202020202020202020202020203c6c693e427920757365206f6620616e79206f74686572206465736372697074696f6e206f66206f75722057656273697465206265696e67206c696e6b656420746f2074686174206d616b65732073656e73652077697468696e2074686520636f6e7465787420616e6420666f726d6174206f6620636f6e74656e74206f6e20746865206c696e6b696e67207061727479e280997320736974652e3c2f6c693e0d0a202020202020202020202020202020203c2f756c3e0d0a0d0a202020202020202020202020202020203c703e4e6f20757365206f66204172616d6261676820506c617a612773206c6f676f206f72206f7468657220617274776f726b2077696c6c20626520616c6c6f77656420666f72206c696e6b696e6720616273656e7420612074726164656d61726b206c6963656e73652061677265656d656e742e3c2f703e0d0a0d0a202020202020202020202020202020203c68333e3c7374726f6e673e694672616d65733c2f7374726f6e673e3c2f68333e0d0a0d0a202020202020202020202020202020203c703e576974686f7574207072696f7220617070726f76616c20616e64207772697474656e207065726d697373696f6e2c20796f75206d6179206e6f7420637265617465206672616d65732061726f756e64206f7572205765627061676573207468617420616c74657220696e20616e7920776179207468652076697375616c2070726573656e746174696f6e206f7220617070656172616e6365206f66206f757220576562736974652e3c2f703e0d0a0d0a202020202020202020202020202020203c68333e3c7374726f6e673e436f6e74656e74204c696162696c6974793c2f7374726f6e673e3c2f68333e0d0a0d0a202020202020202020202020202020203c703e5765207368616c6c206e6f7420626520686f6c6420726573706f6e7369626c6520666f7220616e7920636f6e74656e7420746861742061707065617273206f6e20796f757220576562736974652e20596f7520616772656520746f2070726f7465637420616e6420646566656e6420757320616761696e737420616c6c20636c61696d73207468617420697320726973696e67206f6e20796f757220576562736974652e204e6f206c696e6b2873292073686f756c6420617070656172206f6e20616e7920576562736974652074686174206d617920626520696e746572707265746564206173206c6962656c6f75732c206f627363656e65206f72206372696d696e616c2c206f7220776869636820696e6672696e6765732c206f74686572776973652076696f6c617465732c206f72206164766f63617465732074686520696e6672696e67656d656e74206f72206f746865722076696f6c6174696f6e206f662c20616e79207468697264207061727479207269676874732e3c2f703e0d0a0d0a202020202020202020202020202020203c68333e3c7374726f6e673e596f757220507269766163793c2f7374726f6e673e3c2f68333e0d0a0d0a202020202020202020202020202020203c703e506c656173652072656164205072697661637920506f6c6963793c2f703e0d0a0d0a202020202020202020202020202020203c68333e3c7374726f6e673e5265736572766174696f6e206f66205269676874733c2f7374726f6e673e3c2f68333e0d0a0d0a202020202020202020202020202020203c703e576520726573657276652074686520726967687420746f2072657175657374207468617420796f752072656d6f766520616c6c206c696e6b73206f7220616e7920706172746963756c6172206c696e6b20746f206f757220576562736974652e20596f7520617070726f766520746f20696d6d6564696174656c792072656d6f766520616c6c206c696e6b7320746f206f757220576562736974652075706f6e20726571756573742e20576520616c736f20726573657276652074686520726967687420746f20616d656e207468657365207465726d7320616e6420636f6e646974696f6e7320616e64206974e2809973206c696e6b696e6720706f6c69637920617420616e792074696d652e20427920636f6e74696e756f75736c79206c696e6b696e6720746f206f757220576562736974652c20796f7520616772656520746f20626520626f756e6420746f20616e6420666f6c6c6f77207468657365206c696e6b696e67207465726d7320616e6420636f6e646974696f6e732e3c2f703e0d0a0d0a202020202020202020202020202020203c68333e3c7374726f6e673e52656d6f76616c206f66206c696e6b732066726f6d206f757220776562736974653c2f7374726f6e673e3c2f68333e0d0a0d0a202020202020202020202020202020203c703e496620796f752066696e6420616e79206c696e6b206f6e206f757220576562736974652074686174206973206f6666656e7369766520666f7220616e7920726561736f6e2c20796f7520617265206672656520746f20636f6e7461637420616e6420696e666f726d20757320616e79206d6f6d656e742e2057652077696c6c20636f6e736964657220726571756573747320746f2072656d6f7665206c696e6b732062757420776520617265206e6f74206f626c69676174656420746f206f7220736f206f7220746f20726573706f6e6420746f20796f75206469726563746c792e3c2f703e0d0a0d0a202020202020202020202020202020203c703e576520646f206e6f7420656e7375726520746861742074686520696e666f726d6174696f6e206f6e2074686973207765627369746520697320636f72726563742c20776520646f206e6f742077617272616e742069747320636f6d706c6574656e657373206f722061636375726163793b206e6f7220646f2077652070726f6d69736520746f20656e7375726520746861742074686520776562736974652072656d61696e7320617661696c61626c65206f72207468617420746865206d6174657269616c206f6e207468652077656273697465206973206b65707420757020746f20646174652e3c2f703e0d0a0d0a202020202020202020202020202020203c68333e3c7374726f6e673e446973636c61696d65723c2f7374726f6e673e3c2f68333e0d0a0d0a202020202020202020202020202020203c703e546f20746865206d6178696d756d20657874656e74207065726d6974746564206279206170706c696361626c65206c61772c207765206578636c75646520616c6c20726570726573656e746174696f6e732c2077617272616e7469657320616e6420636f6e646974696f6e732072656c6174696e6720746f206f7572207765627369746520616e642074686520757365206f66207468697320776562736974652e204e6f7468696e6720696e207468697320646973636c61696d65722077696c6c3a3c2f703e0d0a0d0a202020202020202020202020202020203c756c3e0d0a20202020202020202020202020202020202020203c6c693e6c696d6974206f72206578636c756465206f7572206f7220796f7572206c696162696c69747920666f72206465617468206f7220706572736f6e616c20696e6a7572793b3c2f6c693e0d0a20202020202020202020202020202020202020203c6c693e6c696d6974206f72206578636c756465206f7572206f7220796f7572206c696162696c69747920666f72206672617564206f72206672617564756c656e74206d6973726570726573656e746174696f6e3b3c2f6c693e0d0a20202020202020202020202020202020202020203c6c693e6c696d697420616e79206f66206f7572206f7220796f7572206c696162696c697469657320696e20616e79207761792074686174206973206e6f74207065726d697474656420756e646572206170706c696361626c65206c61773b206f723c2f6c693e0d0a20202020202020202020202020202020202020203c6c693e6578636c75646520616e79206f66206f7572206f7220796f7572206c696162696c69746965732074686174206d6179206e6f74206265206578636c7564656420756e646572206170706c696361626c65206c61772e3c2f6c693e0d0a202020202020202020202020202020203c2f756c3e0d0a0d0a202020202020202020202020202020203c703e546865206c696d69746174696f6e7320616e642070726f6869626974696f6e73206f66206c696162696c6974792073657420696e20746869732053656374696f6e20616e6420656c7365776865726520696e207468697320646973636c61696d65723a2028612920617265207375626a65637420746f2074686520707265636564696e67207061726167726170683b20616e642028622920676f7665726e20616c6c206c696162696c69746965732061726973696e6720756e6465722074686520646973636c61696d65722c20696e636c7564696e67206c696162696c69746965732061726973696e6720696e20636f6e74726163742c20696e20746f727420616e6420666f7220627265616368206f66207374617475746f727920647574792e3c2f703e0d0a0d0a202020202020202020202020202020203c703e4173206c6f6e6720617320746865207765627369746520616e642074686520696e666f726d6174696f6e20616e64207365727669636573206f6e207468652077656273697465206172652070726f76696465642066726565206f66206368617267652c2077652077696c6c206e6f74206265206c6961626c6520666f7220616e79206c6f7373206f722064616d616765206f6620616e79206e61747572652e3c2f703e, NULL, NULL, NULL, NULL, '2021-10-16 19:53:07', '2021-10-16 19:58:00');

-- --------------------------------------------------------

--
-- Table structure for table `colors`
--

CREATE TABLE `colors` (
  `id` int(11) NOT NULL,
  `code` varchar(20) NOT NULL,
  `name` varchar(100) NOT NULL,
  `status` enum('1','0') NOT NULL DEFAULT '1',
  `created_at` timestamp NOT NULL DEFAULT current_timestamp(),
  `updated_at` timestamp NOT NULL DEFAULT current_timestamp() ON UPDATE current_timestamp(),
  `deleted_at` timestamp NULL DEFAULT NULL
) ENGINE=InnoDB DEFAULT CHARSET=utf8mb4;

--
-- Dumping data for table `colors`
--

INSERT INTO `colors` (`id`, `code`, `name`, `status`, `created_at`, `updated_at`, `deleted_at`) VALUES
(1, '#3f14cb', 'Persian Blue', '1', '2021-09-11 21:37:38', '2021-09-25 12:15:41', '2021-09-25 12:15:41'),
(2, '#1bd049', 'Malachite', '1', '2021-09-11 21:39:58', '2021-09-25 12:15:46', '2021-09-25 12:15:46'),
(3, '#d0c41b', 'Bird Flower', '1', '2021-09-11 22:02:47', '2021-09-25 12:15:50', '2021-09-25 12:15:50'),
(4, '#fc0101', 'Red', '1', '2021-09-25 12:17:03', '2021-09-25 12:17:03', NULL),
(5, '#15fc01', 'Green', '1', '2021-09-25 12:17:34', '2021-09-25 12:17:34', NULL),
(6, '#0000ff', 'Blue', '1', '2021-09-25 12:18:05', '2021-09-25 12:18:05', NULL),
(7, '#449aff', 'Malibu', '1', '2021-09-25 12:18:37', '2021-09-25 12:18:37', NULL),
(8, '#000000', 'Black', '1', '2021-09-25 12:19:02', '2021-09-25 12:19:02', NULL),
(9, '#f0d801', 'School bus Yellow', '1', '2021-09-25 12:19:59', '2021-09-25 12:19:59', NULL),
(10, '#4fcb27', 'GREEN', '1', '2021-09-28 18:52:37', '2021-09-28 18:52:37', NULL);

-- --------------------------------------------------------

--
-- Table structure for table `coupons`
--

CREATE TABLE `coupons` (
  `id` int(11) NOT NULL,
  `code` varchar(50) NOT NULL,
  `description` text DEFAULT NULL,
  `type` enum('flat','percentage') NOT NULL,
  `value` double(10,2) NOT NULL,
  `max_discount` double(10,2) DEFAULT NULL,
  `min_order` double(10,2) DEFAULT NULL,
  `max_usages` int(11) DEFAULT NULL,
  `valid_till` timestamp NULL DEFAULT NULL,
  `applied_for_users` text DEFAULT NULL,
  `status` enum('1','0') NOT NULL DEFAULT '1',
  `created_at` timestamp NOT NULL DEFAULT current_timestamp(),
  `updated_at` timestamp NOT NULL DEFAULT current_timestamp() ON UPDATE current_timestamp(),
  `deleted_at` timestamp NULL DEFAULT NULL
) ENGINE=InnoDB DEFAULT CHARSET=utf8mb4;

--
-- Dumping data for table `coupons`
--

INSERT INTO `coupons` (`id`, `code`, `description`, `type`, `value`, `max_discount`, `min_order`, `max_usages`, `valid_till`, `applied_for_users`, `status`, `created_at`, `updated_at`, `deleted_at`) VALUES
(1, 'TEST100', 'Flat Rs. 100 Discount instant', 'flat', 100.00, 50.00, 100.00, 100, NULL, NULL, '1', '2021-09-18 22:37:13', '2021-10-06 23:43:12', NULL),
(2, 'TESTP10', '10% off', 'percentage', 10.00, 30.00, 10.00, 1, NULL, NULL, '1', '2021-09-18 22:39:27', '2021-10-08 01:33:45', NULL);

-- --------------------------------------------------------

--
-- Table structure for table `default_permissions`
--

CREATE TABLE `default_permissions` (
  `id` int(11) NOT NULL,
  `role_id` int(11) NOT NULL,
  `permission_id` int(11) NOT NULL
) ENGINE=InnoDB DEFAULT CHARSET=utf8mb4;

--
-- Dumping data for table `default_permissions`
--

INSERT INTO `default_permissions` (`id`, `role_id`, `permission_id`) VALUES
(3, 2, 5),
(4, 2, 6),
(5, 2, 7),
(6, 5, 38),
(7, 5, 39);

-- --------------------------------------------------------

--
-- Table structure for table `migrations`
--

CREATE TABLE `migrations` (
  `id` int(10) UNSIGNED NOT NULL,
  `migration` varchar(255) COLLATE utf8mb4_unicode_ci NOT NULL,
  `batch` int(11) NOT NULL
) ENGINE=InnoDB DEFAULT CHARSET=utf8mb4 COLLATE=utf8mb4_unicode_ci;

--
-- Dumping data for table `migrations`
--

INSERT INTO `migrations` (`id`, `migration`, `batch`) VALUES
(1, '2014_10_12_000000_create_users_table', 1),
(2, '2014_10_12_100000_create_password_resets_table', 1);

-- --------------------------------------------------------

--
-- Table structure for table `orders`
--

CREATE TABLE `orders` (
  `id` int(11) NOT NULL,
  `shop_id` int(11) NOT NULL,
  `user_id` int(11) NOT NULL,
  `code` varchar(100) NOT NULL,
  `cust_name` varchar(100) NOT NULL,
  `cust_mobile` varchar(20) NOT NULL,
  `cust_latitude` varchar(100) NOT NULL,
  `cust_longitude` varchar(100) NOT NULL,
  `cust_location` text NOT NULL,
  `cust_address` text NOT NULL,
  `item_total` double(10,2) NOT NULL,
  `delivery_charge` double(10,0) NOT NULL DEFAULT 0,
  `coupon_discount` double(10,2) NOT NULL DEFAULT 0.00,
  `payable_amount` double(10,2) NOT NULL,
  `status` enum('paymentinitiated','paymentfailed','received','accepted','intransit','outfordelivery','delivered','cancelled','returned') NOT NULL,
  `expected_delivery` date DEFAULT NULL,
  `status_log` text NOT NULL,
  `coupon_id` int(11) DEFAULT NULL,
  `payment_mode` enum('cash','online') NOT NULL,
  `payment_txnid` varchar(100) DEFAULT NULL,
  `deliveryboy_id` int(11) DEFAULT NULL,
  `rating` enum('1','2','3','4','5') DEFAULT NULL,
  `review` text DEFAULT NULL,
  `created_at` timestamp NOT NULL DEFAULT current_timestamp(),
  `updated_at` timestamp NOT NULL DEFAULT current_timestamp() ON UPDATE current_timestamp()
) ENGINE=InnoDB DEFAULT CHARSET=utf8mb4;

--
-- Dumping data for table `orders`
--

INSERT INTO `orders` (`id`, `shop_id`, `user_id`, `code`, `cust_name`, `cust_mobile`, `cust_latitude`, `cust_longitude`, `cust_location`, `cust_address`, `item_total`, `delivery_charge`, `coupon_discount`, `payable_amount`, `status`, `expected_delivery`, `status_log`, `coupon_id`, `payment_mode`, `payment_txnid`, `deliveryboy_id`, `rating`, `review`, `created_at`, `updated_at`) VALUES
(1, 1, 3, 'APZ-4753096755', 'Pramit Paul', '9876543212', '22.9336294', '87.6753726', 'Unnamed Road, Unnamed Road, Bengai, Hooghly, West Bengal, 712611, India, IN', '{\"address_line1\":\"Vill - Bengai P.O- Bengai\",\"address_line2\":\"Near Laxmi mandir\",\"postal_code\":\"712611\",\"city\":null,\"state\":null,\"country\":null,\"landmark\":\"Bengai Bhattacharya para\"}', 150.00, 20, 0.00, 170.00, 'accepted', '2021-10-23', '[{\"key\":\"received\",\"label\":\"Placed\",\"timestamp\":\"2021-10-03T06:54:10.792918Z\"},{\"key\":\"accepted\",\"label\":\"Accepted\",\"timestamp\":\"2021-10-07T23:32:56.105087Z\"},{\"key\":\"intransit\",\"label\":\"In-Progress\",\"timestamp\":null},{\"key\":\"outfordelivery\",\"label\":\"Out for Delivery\",\"timestamp\":null},{\"key\":\"delivered\",\"label\":\"Delivered\",\"timestamp\":null}]', NULL, 'cash', NULL, NULL, NULL, NULL, '2021-10-03 10:24:10', '2021-10-08 03:02:56'),
(2, 1, 3, 'APZ-3252096360', 'Pramit Paul', '9876543212', '22.9336294', '87.6753726', 'Unnamed Road, Unnamed Road, Bengai, Hooghly, West Bengal, 712611, India, IN', '{\"address_line1\":\"Vill - Bengai P.O- Bengai\",\"address_line2\":\"Near Laxmi mandir\",\"postal_code\":\"712611\",\"city\":null,\"state\":null,\"country\":null,\"landmark\":\"Bengai Bhattacharya para\"}', 111.00, 20, 50.00, 81.00, 'received', NULL, '[{\"key\":\"received\",\"label\":\"Placed\",\"timestamp\":\"2021-10-05T23:44:13.528608Z\"},{\"key\":\"accepted\",\"label\":\"Accepted\",\"timestamp\":null},{\"key\":\"intransit\",\"label\":\"In-Progress\",\"timestamp\":null},{\"key\":\"outfordelivery\",\"label\":\"Out for Delivery\",\"timestamp\":null},{\"key\":\"delivered\",\"label\":\"Delivered\",\"timestamp\":null}]', 1, 'cash', NULL, NULL, NULL, NULL, '2021-10-06 03:14:13', '2021-10-06 03:14:13'),
(3, 1, 3, 'APZ-1239026795', 'Pramit Paul', '9876543212', '22.9336294', '87.6753726', 'Unnamed Road, Unnamed Road, Bengai, Hooghly, West Bengal, 712611, India, IN', '{\"address_line1\":\"Vill - Bengai P.O- Bengai\",\"address_line2\":\"Near Laxmi mandir\",\"postal_code\":\"712611\",\"city\":null,\"state\":null,\"country\":null,\"landmark\":\"Bengai Bhattacharya para\"}', 37.00, 20, 0.00, 57.00, 'received', NULL, '[{\"key\":\"received\",\"label\":\"Placed\",\"timestamp\":\"2021-10-05T23:45:31.953730Z\"},{\"key\":\"accepted\",\"label\":\"Accepted\",\"timestamp\":null},{\"key\":\"intransit\",\"label\":\"In-Progress\",\"timestamp\":null},{\"key\":\"outfordelivery\",\"label\":\"Out for Delivery\",\"timestamp\":null},{\"key\":\"delivered\",\"label\":\"Delivered\",\"timestamp\":null}]', NULL, 'cash', NULL, NULL, NULL, NULL, '2021-10-06 03:15:31', '2021-10-06 03:15:31'),
(4, 1, 3, 'APZ-6035217216', 'Pramit Paul', '9876543212', '22.9336294', '87.6753726', 'Unnamed Road, Unnamed Road, Bengai, Hooghly, West Bengal, 712611, India, IN', '{\"address_line1\":\"Vill - Bengai P.O- Bengai\",\"address_line2\":\"Near Laxmi mandir\",\"postal_code\":\"712611\",\"city\":null,\"state\":null,\"country\":null,\"landmark\":\"Bengai Bhattacharya para\"}', 82.00, 20, 0.00, 102.00, 'received', NULL, '[{\"key\":\"received\",\"label\":\"Placed\",\"timestamp\":\"2021-10-05T23:45:42.304088Z\"},{\"key\":\"accepted\",\"label\":\"Accepted\",\"timestamp\":null},{\"key\":\"intransit\",\"label\":\"In-Progress\",\"timestamp\":null},{\"key\":\"outfordelivery\",\"label\":\"Out for Delivery\",\"timestamp\":null},{\"key\":\"delivered\",\"label\":\"Delivered\",\"timestamp\":null}]', NULL, 'cash', NULL, NULL, NULL, NULL, '2021-10-06 03:15:42', '2021-10-06 03:15:42'),
(5, 1, 3, 'APZ-4412100811', 'Pramit Paul', '9876543212', '22.9336294', '87.6753726', 'Unnamed Road, Unnamed Road, Bengai, Hooghly, West Bengal, 712611, India, IN', '{\"address_line1\":\"Vill - Bengai P.O- Bengai\",\"address_line2\":\"Near Laxmi mandir\",\"postal_code\":\"712611\",\"city\":null,\"state\":null,\"country\":null,\"landmark\":\"Bengai Bhattacharya para\"}', 37.00, 20, 0.00, 57.00, 'received', NULL, '[{\"key\":\"received\",\"label\":\"Placed\",\"timestamp\":\"2021-10-06T08:08:40.609167Z\"},{\"key\":\"accepted\",\"label\":\"Accepted\",\"timestamp\":null},{\"key\":\"intransit\",\"label\":\"In-Progress\",\"timestamp\":null},{\"key\":\"outfordelivery\",\"label\":\"Out for Delivery\",\"timestamp\":null},{\"key\":\"delivered\",\"label\":\"Delivered\",\"timestamp\":null}]', NULL, 'cash', NULL, NULL, NULL, NULL, '2021-10-06 11:38:40', '2021-10-06 11:38:40'),
(6, 1, 3, 'APZ-8305190725', 'Pramit Paul', '9876543212', '22.9336294', '87.6753726', 'Unnamed Road, Unnamed Road, Bengai, Hooghly, West Bengal, 712611, India, IN', '{\"address_line1\":\"Vill - Bengai P.O- Bengai\",\"address_line2\":\"Near Laxmi mandir\",\"postal_code\":\"712611\",\"city\":null,\"state\":null,\"country\":null,\"landmark\":\"Bengai Bhattacharya para\"}', 164.00, 20, 50.00, 134.00, 'received', NULL, '[{\"key\":\"received\",\"label\":\"Placed\",\"timestamp\":\"2021-10-06T16:16:10.513774Z\"},{\"key\":\"accepted\",\"label\":\"Accepted\",\"timestamp\":null},{\"key\":\"intransit\",\"label\":\"In-Progress\",\"timestamp\":null},{\"key\":\"outfordelivery\",\"label\":\"Out for Delivery\",\"timestamp\":null},{\"key\":\"delivered\",\"label\":\"Delivered\",\"timestamp\":null}]', 1, 'cash', NULL, NULL, NULL, NULL, '2021-10-06 12:36:27', '2021-10-06 19:46:10'),
(7, 1, 3, 'APZ-5311475907', 'Pramit Paul', '9876543212', '22.9336294', '87.6753726', 'Unnamed Road, Unnamed Road, Bengai, Hooghly, West Bengal, 712611, India, IN', '{\"address_line1\":\"kestopur main road\",\"address_line2\":\"jagatpur bazar\",\"postal_code\":\"712611\",\"city\":null,\"state\":null,\"country\":null,\"landmark\":\"near Adarshapally main road\"}', 164.00, 20, 50.00, 134.00, 'delivered', '2021-10-16', '[{\"key\":\"received\",\"label\":\"Placed\",\"timestamp\":\"2021-10-06T16:18:37.804383Z\"},{\"key\":\"accepted\",\"label\":\"Accepted\",\"timestamp\":\"2021-10-06T18:38:21.872454Z\"},{\"key\":\"intransit\",\"label\":\"In-Progress\",\"timestamp\":null},{\"key\":\"outfordelivery\",\"label\":\"Out for Delivery\",\"timestamp\":\"2021-10-07T23:27:12.939610Z\"},{\"key\":\"delivered\",\"label\":\"Delivered\",\"timestamp\":\"2021-10-07T23:29:03.306517Z\"}]', 1, 'cash', NULL, 11, NULL, NULL, '2021-10-06 14:12:39', '2021-10-08 02:59:03'),
(8, 1, 3, 'APZ-4138589982', 'Pramit Paul', '9876543212', '22.8976163', '87.6556468', 'Address Not Available!', '{\"address_line1\":\"RB CHATTERJEE ROAD\",\"address_line2\":\"Lakurdi Bamunpara\",\"postal_code\":\"712611\",\"city\":null,\"state\":null,\"country\":null,\"landmark\":\"taratari\"}', 410.00, 99, 0.00, 509.00, 'cancelled', '2021-10-06', '[{\"key\":\"received\",\"label\":\"Placed\",\"timestamp\":\"2021-10-06T16:16:19.292496Z\"},{\"key\":\"cancelled\",\"label\":\"Cancelled\",\"timestamp\":\"2021-10-06T18:29:23.437483Z\"}]', NULL, 'cash', NULL, NULL, NULL, NULL, '2021-10-06 19:39:30', '2021-10-06 21:59:23'),
(9, 1, 3, 'APZ-9632597545', 'Pramit Paul', '9876543212', '22.8976163', '87.6556468', 'Address Not Available!', '{\"address_line1\":\"RB CHATTERJEE ROAD\",\"address_line2\":\"Lakurdi Bamunpara\",\"postal_code\":\"712611\",\"city\":null,\"state\":null,\"country\":null,\"landmark\":\"taratari\"}', 423.50, 99, 0.00, 522.50, 'cancelled', NULL, '[{\"key\":\"received\",\"label\":\"Placed\",\"timestamp\":\"2021-10-06T18:21:56.212939Z\"},{\"key\":\"cancelled\",\"label\":\"Cancelled\",\"timestamp\":\"2021-10-06T18:28:57.537565Z\"}]', NULL, 'cash', NULL, NULL, NULL, NULL, '2021-10-06 21:51:56', '2021-10-06 21:58:57'),
(10, 1, 12, 'APZ-1439763784', 'Sandip', '9636363508', '22.9336294', '87.6753726', 'Unnamed Road, Unnamed Road, Bengai, Hooghly, West Bengal, 712611, India, IN', '{\"address_line1\":\"bdbsb\",\"address_line2\":\"gss\",\"postal_code\":\"712611\",\"city\":null,\"state\":null,\"country\":null,\"landmark\":\"vhshshssjs\"}', 314.00, 99, 0.00, 413.00, 'accepted', '2021-10-10', '[{\"key\":\"received\",\"label\":\"Placed\",\"timestamp\":\"2021-10-07T05:38:57.823151Z\"},{\"key\":\"accepted\",\"label\":\"Accepted\",\"timestamp\":\"2021-10-07T05:41:26.343699Z\"},{\"key\":\"intransit\",\"label\":\"In-Progress\",\"timestamp\":null},{\"key\":\"outfordelivery\",\"label\":\"Out for Delivery\",\"timestamp\":null},{\"key\":\"delivered\",\"label\":\"Delivered\",\"timestamp\":null}]', NULL, 'cash', NULL, NULL, NULL, NULL, '2021-10-07 09:08:57', '2021-10-07 09:11:26'),
(11, 1, 13, 'APZ-8411432322', 'Bapan', '7908250420', '22.9336294', '87.6753726', 'Unnamed Road, Unnamed Road, Bengai, Hooghly, West Bengal, 712611, India, IN', '{\"address_line1\":\"cggh\",\"address_line2\":\"vvb\",\"postal_code\":\"712611\",\"city\":null,\"state\":null,\"country\":null,\"landmark\":\"cvh\"}', 85.50, 20, 0.00, 105.50, 'received', NULL, '[{\"key\":\"received\",\"label\":\"Placed\",\"timestamp\":\"2021-10-08T20:51:28.382047Z\"},{\"key\":\"accepted\",\"label\":\"Accepted\",\"timestamp\":null},{\"key\":\"intransit\",\"label\":\"In-Progress\",\"timestamp\":null},{\"key\":\"outfordelivery\",\"label\":\"Out for Delivery\",\"timestamp\":null},{\"key\":\"delivered\",\"label\":\"Delivered\",\"timestamp\":null}]', NULL, 'cash', NULL, NULL, NULL, NULL, '2021-10-09 00:21:28', '2021-10-09 00:21:28'),
(12, 1, 14, 'APZ-7793379550', 'koushik koner', '8637337025', '22.9356089', '87.7187092', 'Unnamed Road, Unnamed Road, Raghubati, Hooghly, West Bengal, 712602, India, IN', '{\"address_line1\":\"rajagram\",\"address_line2\":\"raghubati\",\"postal_code\":\"712614\",\"city\":null,\"state\":null,\"country\":null,\"landmark\":\"raghunath mondir\"}', 100.00, 27, 0.00, 127.00, 'intransit', '2021-10-12', '[{\"key\":\"received\",\"label\":\"Placed\",\"timestamp\":\"2021-10-10T09:41:15.652173Z\"},{\"key\":\"accepted\",\"label\":\"Accepted\",\"timestamp\":null},{\"key\":\"intransit\",\"label\":\"In-Progress\",\"timestamp\":\"2021-10-10T09:52:56.391341Z\"},{\"key\":\"outfordelivery\",\"label\":\"Out for Delivery\",\"timestamp\":null},{\"key\":\"delivered\",\"label\":\"Delivered\",\"timestamp\":null}]', NULL, 'cash', NULL, NULL, NULL, NULL, '2021-10-09 22:06:28', '2021-10-10 13:22:56'),
(13, 1, 14, 'APZ-7914904095', 'koushik koner', '8637337025', '22.9356089', '87.7187092', 'Unnamed Road, Unnamed Road, Raghubati, Hooghly, West Bengal, 712602, India, IN', '{\"address_line1\":\"rajagram\",\"address_line2\":\"raghubati\",\"postal_code\":\"712614\",\"city\":null,\"state\":null,\"country\":null,\"landmark\":\"raghunath mondir\"}', 91.00, 27, 0.00, 118.00, 'delivered', '2021-10-11', '[{\"key\":\"received\",\"label\":\"Placed\",\"timestamp\":\"2021-10-10T09:41:01.315397Z\"},{\"key\":\"accepted\",\"label\":\"Accepted\",\"timestamp\":\"2021-10-10T09:52:45.473741Z\"},{\"key\":\"intransit\",\"label\":\"In-Progress\",\"timestamp\":null},{\"key\":\"outfordelivery\",\"label\":\"Out for Delivery\",\"timestamp\":\"2021-10-10T09:53:34.950624Z\"},{\"key\":\"delivered\",\"label\":\"Delivered\",\"timestamp\":\"2021-10-10T17:53:17.553839Z\"}]', NULL, 'cash', NULL, 11, NULL, NULL, '2021-10-09 22:08:43', '2021-10-10 21:23:17'),
(14, 1, 13, 'APZ-5101620925', 'Bapan', '7908250420', '22.9336294', '87.6753726', 'Unnamed Road, Unnamed Road, Bengai, Hooghly, West Bengal, 712611, India, IN', '{\"address_line1\":\"cggh\",\"address_line2\":\"vvb\",\"postal_code\":\"712611\",\"city\":null,\"state\":null,\"country\":null,\"landmark\":\"cvh\"}', 93.00, 20, 0.00, 113.00, 'received', NULL, '[{\"key\":\"received\",\"label\":\"Placed\",\"timestamp\":\"2021-10-11T18:11:36.485201Z\"},{\"key\":\"accepted\",\"label\":\"Accepted\",\"timestamp\":null},{\"key\":\"intransit\",\"label\":\"In-Progress\",\"timestamp\":null},{\"key\":\"outfordelivery\",\"label\":\"Out for Delivery\",\"timestamp\":null},{\"key\":\"delivered\",\"label\":\"Delivered\",\"timestamp\":null}]', NULL, 'cash', NULL, NULL, NULL, NULL, '2021-10-11 21:41:36', '2021-10-11 21:41:36'),
(15, 1, 8, 'APZ-5262932214', 'Sudipta Mukherjee', '7908250424', '22.9359688', '87.6955519', 'Ahilyabai Holkar Road, Ahilyabai Holkar Road, Barul, Hooghly, West Bengal, 712602, India, IN', '{\"address_line1\":\"Bengai\",\"address_line2\":\"laxmitala\",\"postal_code\":\"712611\",\"city\":null,\"state\":null,\"country\":null,\"landmark\":\"bengai gram\"}', 108.00, 20, 10.80, 117.20, 'received', NULL, '[{\"key\":\"received\",\"label\":\"Placed\",\"timestamp\":\"2021-10-12T07:57:08.908895Z\"},{\"key\":\"accepted\",\"label\":\"Accepted\",\"timestamp\":null},{\"key\":\"intransit\",\"label\":\"In-Progress\",\"timestamp\":null},{\"key\":\"outfordelivery\",\"label\":\"Out for Delivery\",\"timestamp\":null},{\"key\":\"delivered\",\"label\":\"Delivered\",\"timestamp\":null}]', 2, 'cash', NULL, NULL, NULL, NULL, '2021-10-12 11:27:08', '2021-10-12 11:27:08');

-- --------------------------------------------------------

--
-- Table structure for table `order_products`
--

CREATE TABLE `order_products` (
  `id` int(11) NOT NULL,
  `order_id` int(11) NOT NULL,
  `product_id` int(11) NOT NULL,
  `variant_selected` text DEFAULT NULL,
  `price` double(10,2) NOT NULL,
  `quantity` int(11) NOT NULL,
  `sub_total` double(10,2) NOT NULL,
  `created_at` timestamp NOT NULL DEFAULT current_timestamp(),
  `updated_at` timestamp NOT NULL DEFAULT current_timestamp() ON UPDATE current_timestamp()
) ENGINE=InnoDB DEFAULT CHARSET=utf8mb4;

--
-- Dumping data for table `order_products`
--

INSERT INTO `order_products` (`id`, `order_id`, `product_id`, `variant_selected`, `price`, `quantity`, `sub_total`, `created_at`, `updated_at`) VALUES
(1, 1, 8, '{\"color_code\":null,\"color_name\":null,\"variant_code\":\"weight:500GM\",\"variant_name\":\"WEIGHT : 500GM\"}', 150.00, 1, 150.00, '2021-10-03 10:24:10', '2021-10-03 10:24:10'),
(2, 2, 4, '{\"color_code\":null,\"color_name\":null,\"variant_code\":\"weight:1KG\",\"variant_name\":\"WEIGHT : 1KG\"}', 37.00, 3, 111.00, '2021-10-06 03:14:13', '2021-10-06 03:14:13'),
(3, 3, 4, '{\"color_code\":null,\"color_name\":null,\"variant_code\":\"weight:1KG\",\"variant_name\":\"WEIGHT : 1KG\"}', 37.00, 1, 37.00, '2021-10-06 03:15:32', '2021-10-06 03:15:32'),
(4, 4, 5, '{\"color_code\":null,\"color_name\":null,\"variant_code\":null,\"variant_name\":\"\"}', 82.00, 1, 82.00, '2021-10-06 03:15:42', '2021-10-06 03:15:42'),
(5, 5, 4, '{\"color_code\":null,\"color_name\":null,\"variant_code\":\"weight:1KG\",\"variant_name\":\"WEIGHT : 1KG\"}', 37.00, 1, 37.00, '2021-10-06 11:38:40', '2021-10-06 11:38:40'),
(6, 6, 5, '{\"color_code\":null,\"color_name\":null,\"variant_code\":null,\"variant_name\":\"\"}', 82.00, 2, 164.00, '2021-10-06 12:36:27', '2021-10-06 12:36:27'),
(7, 7, 5, '{\"color_code\":null,\"color_name\":null,\"variant_code\":null,\"variant_name\":\"\"}', 82.00, 2, 164.00, '2021-10-06 14:12:39', '2021-10-06 14:12:39'),
(8, 8, 5, '{\"color_code\":null,\"color_name\":null,\"variant_code\":null,\"variant_name\":\"\"}', 82.00, 5, 410.00, '2021-10-06 19:39:30', '2021-10-06 19:39:30'),
(9, 9, 6, '{\"color_code\":null,\"color_name\":null,\"variant_code\":\"weight:1KG\",\"variant_name\":\"WEIGHT : 1KG\"}', 138.00, 3, 414.00, '2021-10-06 21:51:56', '2021-10-06 21:51:56'),
(10, 9, 7, '{\"color_code\":null,\"color_name\":null,\"variant_code\":null,\"variant_name\":\"\"}', 9.50, 1, 9.50, '2021-10-06 21:51:56', '2021-10-06 21:51:56'),
(11, 10, 6, '{\"color_code\":null,\"color_name\":null,\"variant_code\":\"weight:1KG\",\"variant_name\":\"WEIGHT : 1KG\"}', 138.00, 2, 276.00, '2021-10-07 09:08:57', '2021-10-07 09:08:57'),
(12, 10, 7, '{\"color_code\":null,\"color_name\":null,\"variant_code\":null,\"variant_name\":\"\"}', 9.50, 4, 38.00, '2021-10-07 09:08:57', '2021-10-07 09:08:57'),
(13, 11, 7, '{\"color_code\":null,\"color_name\":null,\"variant_code\":null,\"variant_name\":\"\"}', 9.50, 9, 85.50, '2021-10-09 00:21:28', '2021-10-09 00:21:28'),
(14, 12, 10, '{\"color_code\":null,\"color_name\":null,\"variant_code\":\"weight:1KG\",\"variant_name\":\"WEIGHT : 1KG\"}', 20.00, 5, 100.00, '2021-10-09 22:06:28', '2021-10-09 22:06:28'),
(15, 13, 1, '{\"color_code\":null,\"color_name\":null,\"variant_code\":\"weight:500GM\",\"variant_name\":\"WEIGHT : 500GM\"}', 91.00, 1, 91.00, '2021-10-09 22:08:44', '2021-10-09 22:08:44'),
(16, 14, 7, '{\"color_code\":null,\"color_name\":null,\"variant_code\":null,\"variant_name\":\"\"}', 9.50, 6, 57.00, '2021-10-11 21:41:36', '2021-10-11 21:41:36'),
(17, 14, 10, '{\"color_code\":null,\"color_name\":null,\"variant_code\":\"weight:1KG\",\"variant_name\":\"WEIGHT : 1KG\"}', 36.00, 1, 36.00, '2021-10-11 21:41:36', '2021-10-11 21:41:36'),
(18, 15, 10, '{\"color_code\":null,\"color_name\":null,\"variant_code\":\"weight:1KG\",\"variant_name\":\"WEIGHT : 1KG\"}', 36.00, 3, 108.00, '2021-10-12 11:27:08', '2021-10-12 11:27:08');

-- --------------------------------------------------------

--
-- Table structure for table `otp_verifications`
--

CREATE TABLE `otp_verifications` (
  `id` int(11) NOT NULL,
  `email` varchar(200) DEFAULT NULL,
  `mobile` varchar(50) DEFAULT NULL,
  `otp` tinytext NOT NULL,
  `type` enum('default','user-login','user-register','user-profile-update') NOT NULL DEFAULT 'default',
  `token` varchar(100) DEFAULT NULL,
  `data` longtext DEFAULT NULL,
  `created_at` timestamp NOT NULL DEFAULT current_timestamp(),
  `updated_at` timestamp NOT NULL DEFAULT current_timestamp()
) ENGINE=InnoDB DEFAULT CHARSET=utf8mb4;

--
-- Dumping data for table `otp_verifications`
--

INSERT INTO `otp_verifications` (`id`, `email`, `mobile`, `otp`, `type`, `token`, `data`, `created_at`, `updated_at`) VALUES
(1, NULL, '9012212121', '$2y$10$s/AO.kQZqmZCrllHLJMx3eP1LRA7oQUS/n4qnq7u0asHPxM6kka4y', 'user-register', 'xf9xXQNpMzC53FzyD6lrICLGZtxymdtsdEzOc9zhfjs5zuBIzaBBWzK5kEpbAwTK2grTLNZYIqEmdQVzqus6W9Fwvr3urLeeXcil', '{\"name\":\"John Doe\",\"email\":\"johndoe@yopmail.com\",\"mobile\":\"9012212121\",\"password\":\"12345678\",\"password_confirmation\":\"12345678\"}', '2021-10-02 17:01:51', '2021-10-02 17:02:37'),
(10, NULL, '8529637410', '$2y$10$KK6vSmZbiH8ZtT/FotTT1OHybgElnhhBrcFs93luK9eBQWkZMy6WS', 'user-register', '9hcqJWOeW23wzldLtiHRk4WbBEIyiRBrsmbSCc9K7hHyJI62BMYzfZSiFRR6IqvPqxPuqlwEP7mzOIUxQSx8B4nfRGO4fuvC4bkA', '{\"name\":\"James\",\"email\":\"james.bond@yopmail.cm\",\"mobile\":\"8529637410\",\"password\":\"12345678\",\"password_confirmation\":\"12345678\"}', '2021-10-03 21:39:32', '2021-10-03 21:39:32'),
(13, NULL, '7908250425', '$2y$10$0dpBKojnjajfuxzoORu1heRg4XVtf5KdosEoSsyvHHsbdbwrzTZ6K', 'user-register', 'htMW7JXXi0oro6bY7bwYgL6h8o4IhfN406RAIPWYHirjtCQCmHcqxxZySKsntmd6DszKnSGaHtT2sM5y3cBllu4dAfUXy3Mwr3NB', '{\"name\":\"sss\",\"email\":\"s@yopmail.com\",\"mobile\":\"7908250425\",\"password\":\"12345678\",\"password_confirmation\":\"12345678\"}', '2021-10-05 22:44:11', '2021-10-05 22:44:11'),
(18, NULL, '8420558537', '$2y$10$9/ZrH248vc5fDopj05RszOd6mnbprNsi0aQgjZ2j.sp4UmTXUwsBC', 'user-register', 'vewaznlUEW39BrAkDpyhzOgFdOVRoVqa21iovK9M77WiVphisMrIQoMb9yNb4gW8zOqRBKnOTSBSGLfwAkhxL6PcYSXRLYHuadAX', '{\"name\":\"Pramit Paul\",\"email\":\"pramit10@yopmail.com\",\"mobile\":\"8420558537\",\"password\":\"12345678\",\"password_confirmation\":\"12345678\"}', '2021-10-06 23:04:30', '2021-10-06 23:04:30');

-- --------------------------------------------------------

--
-- Table structure for table `password_resets`
--

CREATE TABLE `password_resets` (
  `email` varchar(255) COLLATE utf8mb4_unicode_ci NOT NULL,
  `token` varchar(255) COLLATE utf8mb4_unicode_ci NOT NULL,
  `created_at` timestamp NULL DEFAULT NULL
) ENGINE=InnoDB DEFAULT CHARSET=utf8mb4 COLLATE=utf8mb4_unicode_ci;

-- --------------------------------------------------------

--
-- Table structure for table `permissions`
--

CREATE TABLE `permissions` (
  `id` int(11) NOT NULL,
  `name` varchar(200) NOT NULL,
  `slug` varchar(200) NOT NULL,
  `type` varchar(100) NOT NULL,
  `role_id` varchar(200) DEFAULT NULL,
  `created_at` timestamp NOT NULL DEFAULT current_timestamp(),
  `updated_at` timestamp NOT NULL DEFAULT current_timestamp(),
  `deleted_at` timestamp NULL DEFAULT NULL
) ENGINE=InnoDB DEFAULT CHARSET=utf8mb4;

--
-- Dumping data for table `permissions`
--

INSERT INTO `permissions` (`id`, `name`, `slug`, `type`, `role_id`, `created_at`, `updated_at`, `deleted_at`) VALUES
(1, 'View Admin', 'view_admin', 'members', '[\"2\"]', '2021-09-08 14:09:00', '2021-09-08 14:09:00', NULL),
(2, 'Edit Admin', 'edit_admin', 'members', '[\"2\"]', '2021-09-08 14:09:07', '2021-09-08 14:09:07', NULL),
(3, 'Add Admin', 'add_admin', 'members', '[\"2\"]', '2021-09-08 14:09:23', '2021-09-08 14:09:23', NULL),
(4, 'Delete Admin', 'delete_admin', 'members', '[\"2\"]', '2021-09-08 14:09:31', '2021-09-08 14:09:31', NULL),
(5, 'View User', 'view_user', 'members', '[\"2\"]', '2021-09-08 14:11:41', '2021-09-08 14:11:41', NULL),
(6, 'Add User', 'add_user', 'members', '[\"2\"]', '2021-09-08 14:11:50', '2021-09-08 14:11:50', NULL),
(7, 'Edit User', 'edit_user', 'members', '[\"2\"]', '2021-09-08 14:11:59', '2021-09-08 14:11:59', NULL),
(8, 'Delete User', 'delete_user', 'members', '[\"2\"]', '2021-09-08 14:12:07', '2021-09-08 14:12:07', NULL),
(9, 'View Category', 'view_category', 'master', '[\"2\"]', '2021-09-11 13:01:40', '2021-09-11 13:01:40', NULL),
(10, 'Add Category', 'add_category', 'master', '[\"2\"]', '2021-09-11 13:01:47', '2021-09-11 13:01:47', NULL),
(11, 'Edit Category', 'edit_category', 'master', '[\"2\"]', '2021-09-11 13:01:52', '2021-09-11 13:01:52', NULL),
(12, 'Delete Category', 'delete_category', 'master', '[\"2\"]', '2021-09-11 13:02:02', '2021-09-11 13:02:02', NULL),
(13, 'View Brand', 'view_brand', 'master', '[\"2\"]', '2021-09-11 13:02:13', '2021-09-11 13:02:13', NULL),
(14, 'Add Brand', 'add_brand', 'master', '[\"2\"]', '2021-09-11 13:02:18', '2021-09-11 13:02:18', NULL),
(15, 'Edit Brand', 'edit_brand', 'master', '[\"2\"]', '2021-09-11 13:02:23', '2021-09-11 13:02:23', NULL),
(16, 'Delete Brand', 'delete_brand', 'master', '[\"2\"]', '2021-09-11 13:02:29', '2021-09-11 13:02:29', NULL),
(17, 'View Color', 'view_color', 'master', '[\"2\"]', '2021-09-11 20:53:23', '2021-09-11 20:53:23', NULL),
(18, 'Add Color', 'add_color', 'master', '[\"2\"]', '2021-09-11 20:53:28', '2021-09-11 20:53:28', NULL),
(19, 'Edit Color', 'edit_color', 'master', '[\"2\"]', '2021-09-11 20:53:37', '2021-09-11 20:53:37', NULL),
(20, 'Delete Color', 'delete_color', 'master', '[\"2\"]', '2021-09-11 20:53:51', '2021-09-11 20:53:51', NULL),
(21, 'View Product', 'view_product', 'products', '[\"2\"]', '2021-09-11 22:08:16', '2021-09-11 22:08:16', NULL),
(22, 'Add Product', 'add_product', 'products', '[\"2\"]', '2021-09-11 22:08:21', '2021-09-11 22:08:21', NULL),
(23, 'Edit Product', 'edit_product', 'products', '[\"2\"]', '2021-09-11 22:08:28', '2021-09-11 22:08:28', NULL),
(24, 'Delete Product', 'delete_product', 'products', '[\"2\"]', '2021-09-11 22:08:35', '2021-09-11 22:08:35', NULL),
(25, 'View Attribute', 'view_attribute', 'master', '[\"2\"]', '2021-09-12 18:24:17', '2021-09-12 18:24:17', NULL),
(26, 'Add Attribute', 'add_attribute', 'master', '[\"2\"]', '2021-09-12 18:24:20', '2021-09-12 18:24:20', NULL),
(27, 'Edit Attribute', 'edit_attribute', 'master', '[\"2\"]', '2021-09-12 18:24:25', '2021-09-12 18:24:25', NULL),
(28, 'Delete Attribute', 'delete_attribute', 'master', '[\"2\"]', '2021-09-12 18:24:29', '2021-09-12 18:24:29', NULL),
(29, 'View Product Stock', 'view_product_stock', 'products', '[\"2\"]', '2021-09-13 21:00:55', '2021-09-13 21:00:55', NULL),
(30, 'Product Stock Update', 'product_stock_update', 'products', '[\"2\"]', '2021-09-13 21:04:53', '2021-09-13 21:04:53', NULL),
(31, 'Product Stock Change Status', 'product_stock_change_status', 'products', '[\"2\"]', '2021-09-13 21:05:02', '2021-09-13 21:05:02', NULL),
(32, 'Product Stock Delete', 'product_stock_delete', 'products', '[\"2\"]', '2021-09-13 21:05:09', '2021-09-13 21:05:09', NULL),
(33, 'View Attribute Variant', 'view_attribute_variant', 'master', '[\"2\"]', '2021-09-14 19:28:11', '2021-09-14 19:28:11', NULL),
(34, 'Add Attribute Variant', 'add_attribute_variant', 'master', '[\"2\"]', '2021-09-14 19:28:23', '2021-09-14 19:28:23', NULL),
(35, 'Edit Attribute Variant', 'edit_attribute_variant', 'master', '[\"2\"]', '2021-09-14 19:28:30', '2021-09-14 19:28:30', NULL),
(36, 'Delete Attribute Variant', 'delete_attribute_variant', 'master', '[\"2\"]', '2021-09-14 19:28:35', '2021-09-14 19:28:35', NULL),
(37, 'Shop Setting', 'shop_setting', 'settings', '[\"2\"]', '2021-09-17 12:21:33', '2021-09-17 12:21:33', NULL),
(38, 'View Order', 'view_order', 'orders', '[\"2\",\"5\"]', '2021-09-18 18:18:31', '2021-09-22 19:40:13', NULL),
(39, 'Update Order Status', 'update_order_status', 'orders', '[\"2\",\"5\"]', '2021-09-18 18:18:40', '2021-09-22 19:40:18', NULL),
(40, 'Assign Delivery Boy', 'assign_delivery_boy', 'orders', '[\"2\"]', '2021-09-18 18:19:12', '2021-09-18 18:19:12', NULL),
(41, 'View Coupon', 'view_coupon', 'coupon', '[\"2\"]', '2021-09-18 21:11:34', '2021-09-18 21:11:34', NULL),
(42, 'Add Coupon', 'add_coupon', 'coupon', '[\"2\"]', '2021-09-18 21:11:40', '2021-09-18 21:11:40', NULL),
(43, 'Edit Coupon', 'edit_coupon', 'coupon', '[\"2\"]', '2021-09-18 21:11:47', '2021-09-18 21:11:47', NULL),
(44, 'Delete Coupon', 'delete_coupon', 'coupon', '[\"2\"]', '2021-09-18 21:11:51', '2021-09-18 21:11:51', NULL),
(45, 'View Delivery Boy', 'view_deliveryboy', 'members', '[\"2\"]', '2021-09-22 19:41:25', '2021-09-22 19:41:25', NULL),
(46, 'Add Delivery Boy', 'add_deliveryboy', 'members', '[\"2\"]', '2021-09-22 19:41:30', '2021-09-22 19:41:30', NULL),
(47, 'Edit Delivery Boy', 'edit_deliveryboy', 'members', '[\"2\"]', '2021-09-22 19:41:36', '2021-09-22 19:41:36', NULL),
(48, 'Delete Delivery Boy', 'delete_deliveryboy', 'members', '[\"2\"]', '2021-09-22 19:41:42', '2021-09-22 19:41:42', NULL),
(49, 'View App Banner', 'view_app_banner', 'master', '[\"2\"]', '2021-09-26 02:10:03', '2021-09-26 02:10:03', NULL),
(50, 'Add App Banner', 'add_app_banner', 'master', '[\"2\"]', '2021-09-26 02:10:08', '2021-09-26 02:10:08', NULL),
(51, 'Edit App Banner', 'edit_app_banner', 'master', '[\"2\"]', '2021-09-26 02:10:15', '2021-09-26 02:10:15', NULL),
(52, 'Delete App Banner', 'delete_app_banner', 'master', '[\"2\"]', '2021-09-26 02:10:21', '2021-09-26 02:10:21', NULL),
(53, 'View Testimonial', 'view_testimonial', 'cms', '[\"2\"]', '2021-10-16 19:47:16', '2021-10-16 19:47:16', NULL),
(54, 'Add Testimonial', 'add_testimonial', 'cms', '[\"2\"]', '2021-10-16 19:47:22', '2021-10-16 19:47:22', NULL),
(55, 'Edit Testimonial', 'edit_testimonial', 'cms', '[\"2\"]', '2021-10-16 19:47:27', '2021-10-16 19:47:27', NULL),
(56, 'Delete Testimonial', 'delete_testimonial', 'cms', '[\"2\"]', '2021-10-16 19:47:32', '2021-10-16 19:47:32', NULL),
(57, 'View CMS', 'view_cms', 'cms', '[\"2\"]', '2021-10-16 19:48:03', '2021-10-16 19:48:03', NULL),
(58, 'Update CMS', 'update_cms', 'cms', '[\"2\"]', '2021-10-16 19:48:14', '2021-10-16 19:48:14', NULL);

-- --------------------------------------------------------

--
-- Table structure for table `products`
--

CREATE TABLE `products` (
  `id` int(11) NOT NULL,
  `name` varchar(255) NOT NULL,
  `category_id` int(11) NOT NULL,
  `brand_id` int(11) NOT NULL,
  `colors` varchar(255) DEFAULT NULL,
  `variant` text DEFAULT NULL,
  `variant_options` text DEFAULT NULL,
  `description` text DEFAULT NULL,
  `image` varchar(100) NOT NULL,
  `status` enum('1','0') NOT NULL DEFAULT '1',
  `top_offer` enum('1','0') NOT NULL DEFAULT '0',
  `created_at` timestamp NOT NULL DEFAULT current_timestamp(),
  `updated_at` timestamp NOT NULL DEFAULT current_timestamp() ON UPDATE current_timestamp(),
  `deleted_at` timestamp NULL DEFAULT NULL
) ENGINE=InnoDB DEFAULT CHARSET=utf8mb4;

--
-- Dumping data for table `products`
--

INSERT INTO `products` (`id`, `name`, `category_id`, `brand_id`, `colors`, `variant`, `variant_options`, `description`, `image`, `status`, `top_offer`, `created_at`, `updated_at`, `deleted_at`) VALUES
(1, 'Tata Sampann White Urad Dal (Whole)', 14, 1, 'null', 'weight', '[\"1KG\",\"500GM\"]', '<p>Prepare fluffy idlis, lip-smacking dosas, and more such nutritious and tasty meals with the Tata Sampann unpolished urad whole dal. These urad dal grains do not undergo any artificial polishing, thereby retaining their authentic taste and nutritional value in every pack.</p>\r\n\r\n<p><strong>Tasty and Wholesome</strong></p>\r\n\r\n<p>The Tata Sampann unpolished urad whole dal can be used for preparing delicious idlis, dosas, papad, vada, and many other tasty dishes. You can also enjoy it with hot roti and rice.</p>\r\n\r\n<p><strong>Tasty Treat</strong></p>\r\n\r\n<p>Rich in protein and dietary fibre, this urad dal provides a tasty option for maintaining a fulfilling and nutritious diet.</p>\r\n\r\n<p><strong>Retains Its Nutritional Value</strong></p>\r\n\r\n<p>Enjoy the goodness of unpolished and unrefined pulses as this urad dal does not undergo any artificial polishing with water, oil, or leather, helping you enjoy its nutritional benefits.</p>\r\n\r\n<p><strong>Five-step Purity Process</strong></p>\r\n\r\n<p>Every batch of this urad dal maintains a uniform and high quality, thanks to its five-step purity process. As a result, you can experience its authentic taste with every meal.</p>', '1632864959_prod-img.png', '1', '1', '2021-09-29 01:06:00', '2021-10-08 02:22:27', NULL),
(2, 'Clean & Clear Face Wash  (450 ml)', 5, 5, 'null', NULL, 'null', '<p>&nbsp;</p>\r\n\r\n<p>Clean &amp; Clear Foaming Face Wash helps prevent oily skin and pimples. Its rich foam gently cleanses to remove dirt without drying your skin. It is specially designed unique formulation cleanses skin thoroughly preventing common skin problems. Gentle enough to use every day, it leaves your skin feeling clean and beautifully clear.</p>', '1632865357_450-face-wash-clean-clear-original-imafz3hz4fgwhfnf.jpeg', '1', '0', '2021-09-29 01:12:37', '2021-09-29 01:12:37', NULL),
(3, 'Men Evening, Party, Formal, Casual Black Artificial Leather Reversible Belt', 8, 6, '[\"#000000\",\"#fc0101\"]', NULL, 'null', '<p><strong>Lorem Ipsum</strong>&nbsp;is simply dummy text of the printing and typesetting industry. Lorem Ipsum has been the industry&#39;s standard dummy text ever since the 1500s</p>', '1632865549_prod-img (3).jpg', '1', '0', '2021-09-29 01:15:49', '2021-09-29 01:17:09', NULL),
(4, 'AASHIRVAAD SHUDH CHAKKI ATTA 1KG', 11, 7, 'null', 'weight', '[\"1KG\"]', '<p>Aashirvaad Whole Wheat Atta is made using the 4-step advantage process which helps to retain its natural dietary fibers and nutrients. Sourced directly from the farmers, showered with just the right amount of rain and sun-kissed to perfection the grains are heavy on the palm and amber in colour.&nbsp;</p>\r\n\r\n<p>The dough made from Aashirvaad Whole Wheat Atta absorbs more water making the Rotis soft, fluffy and delicious which helps you power through the day.</p>\r\n\r\n<p>&nbsp;</p>', '1632972574_AASHIRVAAD ATTA 1KG.jpg', '1', '1', '2021-09-30 06:59:34', '2021-10-03 09:07:15', NULL),
(5, 'Amul Infant Milk Food - Amulspray, 200 gm Pouch', 3, 40, 'null', 'weight', 'null', '<p>Amulspray is an Infant Milk Substitute and falls under The Infant Milk Substitutes, Feeding Bottles and Infant Foods. It is fortified with Vitamins: A, D, K, B Group, C and minerals Calcium, Magnesium, Phosphorus, Iron, Copper, Iodine, Manganese and Zinc.<br />\r\nIt is used as dairy whitener.</p>', '1633015471_amulspray 200gm.jpg', '1', '1', '2021-09-30 18:54:31', '2021-10-03 09:07:21', NULL),
(6, 'India Gate Basmati Rice Super 1kg250gm Pouch', 15, 37, 'null', 'weight', '[\"1KG\"]', '<p>India Gate Super Basmati Rice can be exclusively identified by its aromatic and length of grains. Basmati rice being an unforgettable and rich blend of royalty and tradition optimizes the spirit of an exclusive and incredible India. It is one of KRBL&#39;s prestigious basmati rice brands, it comes in diverse packages and brands.</p>', '1633016016_idiagate rice 1.250kg.jpg', '1', '1', '2021-09-30 19:03:36', '2021-10-03 09:07:27', NULL),
(7, 'Ganesh Sooji, 200 gm', 11, 34, 'null', NULL, 'null', '<p>Ganesh has a strong belief in dishing out the best in terms of quality to its esteemed customers and patrons. Every grain undergoes extensive cleaning process to make it free from dirt and impurities.</p>', '1633016758_ganesh sooji 200gm.jpg', '1', '1', '2021-09-30 19:15:58', '2021-10-03 09:07:28', NULL),
(8, 'Eno Fruit Salt - Lemon, 100 g Jar', 34, 57, 'null', 'weight', '[\"500GM\",\"250GM\"]', '<p>About the Product</p>\r\n\r\n<p>Acidity can be associated with a range of issues like stomach discomfort, bloating, pain, acid reflux, and heartburn. Thankfully, relief from acidity can arrive fast with Eno. Eno is India&rsquo;s No 1 Antacid Brand. Eno Antacid/Digestive provides fast relief from acidity &amp; gets to work in 6 secs by neutralizing excess stomach acid upon contact. Based on lab studies, Eno powder gets to work faster than leading liquid and tablet antacids. Nothing is better for fast relief from acidity and heartburn than Eno. Home remedies take time,&nbsp; Try Eno for fast and effective relief from Acidity. Eno is available in 100gm Bottles and 5gm sachets which come in a handy box of 6 sachets. It comes in different flavours &amp; gives you fast relief. Try Eno Regular, Eno Orange, and Eno Lemon. Fight Acidity Fast with Eno. Jiyo life non-stop. Buy Now!</p>\r\n\r\n<p>Features</p>\r\n\r\n<ul>\r\n	<li>Fight Acidity fast with Eno. Eno fights heartburn faster so that without heartburn you can comfortably fall asleep.</li>\r\n	<li>Eno works on 6 symptoms of Acidity and Heartburn. These include:</li>\r\n</ul>\r\n\r\n<ol>\r\n	<li>Burning sensation in the chest,</li>\r\n	<li>Burning sensation in the stomach,</li>\r\n	<li>Burning sensation in the throat,</li>\r\n	<li>Sour taste in the mouth,</li>\r\n	<li>Epigastric (upper abdomen) discomfort and,</li>\r\n	<li>Bitter taste in the mouth.&nbsp;</li>\r\n</ol>\r\n\r\n<ul>\r\n	<li>Clinically proven instant action.</li>\r\n</ul>\r\n\r\n<p>Composition</p>\r\n\r\n<p>Sodium Bicarbonate, Citric Acid, Sodium Carbonate, Saccharin Sodium, Lemon 51/416 and Lime 51/181. Svarjikisara &amp; Nimbukamalm,</p>\r\n\r\n<p>How to Use</p>\r\n\r\n<ul>\r\n	<li>For use in adults and children aged 12 years and over.</li>\r\n	<li>One levelled teaspoonful (5 g) in a glass (~150 ml) of water.</li>\r\n	<li>Repeat after2-3 hours, if necessary.</li>\r\n</ul>\r\n\r\n<p>&nbsp;</p>', '1633243635_263907_9-eno-fruit-salt-lemon.jpg', '1', '0', '2021-10-03 10:17:16', '2021-10-05 17:45:22', NULL),
(9, 'Vssb', 10, 57, 'null', 'weight', '[\"250GM\"]', '<p>Hfhfhfh</p>', '1633588457_16335883562694792956854953201674.jpg', '1', '0', '2021-10-07 10:04:18', '2021-10-07 11:00:43', '2021-10-07 11:00:43'),
(10, 'Ganesh Maida Premium 500gm', 11, 34, 'null', 'weight', '[\"1KG\",\"500GM\"]', '<p>Ganesh has a strong belief in dishing out the best in terms of quality to its esteemed customers and patrons. Every grain undergoes extensive cleaning process to make it free from dirt and impurities. Naturally the pooris, roti etc. made of Ganesh maida are softer, more delicious and nutritious.</p>', '1633591765_GAINSH MAIDA 1KG.jpg', '1', '1', '2021-10-07 10:59:25', '2021-10-11 08:34:54', NULL),
(11, 'Ganesh Gold Sooji', 11, 34, 'null', 'weight', '[\"500GM\"]', '<p>Ganesh Gold Sooji is sourced from the healthy wheat grains to ensure premium quality and unforgettable taste. Naturally, you and your family will savour mouth-watering pancakes, halwa, snacks and more.</p>', '1633929541_suji gold.jpg', '1', '0', '2021-10-11 08:49:04', '2021-10-11 08:49:04', NULL),
(12, 'Nutrela Soya Chunks 200gm', 14, 28, 'null', 'weight', '[\"250GM\"]', '<p>Nutrela Soya Chunks are made from soy flour. Soya Chunks contain immunity building nutrients, protein, iron and zinc. It is rich in dietary fibre and strengthens your immunity. It is very easy to prepare and makes tasty dishes. They are a blank canvas that you can paint on, they are odourless and tasteless by themselves. It can be used in many dishes and it is healthy and a good source of calcium. It is also a great replacement for chicken or any other meat.</p>', '1633930471_nutrela soya 200gm.jpg', '1', '0', '2021-10-11 09:04:31', '2021-10-11 09:04:31', NULL),
(13, 'Ganesh Gold Shakti Sattu 500gm', 11, 34, 'null', 'weight', '[\"500GM\"]', '<p>Take a sip of health with Ganesh Gold Shakti Sattu. Serving households for eight decades, at Ganesh Grains, every grain is handpicked and processed under optimum quality control. No wonder, Ganesh Gold Shakti Sattu gives you nutrition and stamina for your entire day.</p>', '1633932438_ganesh gold shakti sattu.jpg', '1', '0', '2021-10-11 09:37:18', '2021-10-11 09:37:18', NULL),
(14, 'Fortune Soya Chunks 90gm', 14, 2, 'null', 'weight', '[\"100GM\"]', '<p>Features: 15x times more protein than Milk.</p>\r\n\r\n<ul>\r\n	<li>99% fat-free and 13% dietary fibre.</li>\r\n	<li>Super Soakey, Soft and juicy that taste best.</li>\r\n	<li>Made from world-class technology.</li>\r\n	<li>Untouched by hands and hygienic.</li>\r\n</ul>', '1633934210_fortune soya chunks.jpg', '1', '0', '2021-10-11 10:06:50', '2021-10-11 10:06:50', NULL),
(15, 'Saffola Mealmaker Soya Chunks 45gm', 14, 30, 'null', 'weight', '[\"100GM\",\"200GM\"]', '<p>Presenting Saffola Mealmaker Soya Chunks made with Super Soft Technology that ensures the soya chunks remain super soft. Saffola Mealaker Soya Chunks is manufactured by extrusion of defatted soya flour from healthy soya seeds</p>', '1633937022_SAFFOLA Mealmaker soya chunks 100gm.jpg', '1', '0', '2021-10-11 10:53:42', '2021-10-11 10:56:57', NULL),
(16, 'Sunrise Pure Turmeric Haldi Powder 50gm', 12, 3, 'null', 'weight', '[\"50GM\",\"200GM\"]', '<p>SUNRISE Ground Turmeric is a Ground Turmeric Powder made from farm fresh premium quality turmeric. Turmeric is a widely used food additive. It is also used in mustard, pickles and other consumable items.</p>', '1633937860_sanrise haldi powder 50gm.jpg', '1', '0', '2021-10-11 11:07:40', '2021-10-11 11:10:01', NULL),
(17, 'Sunrise Jeera powder 50gm', 12, 3, 'null', 'weight', '[\"50GM\"]', '<p>SUNRISE Ground Cumin is a Cumin powder made from farm fresh cumin used in curries to give it an appetizing taste &amp; aroma.</p>', '1634022868_sunrise pure cumin jeera powder.jpg', '1', '0', '2021-10-12 10:44:31', '2021-10-12 10:44:31', NULL),
(18, 'Sunrise Lal Mirch powder 50g', 12, 3, 'null', 'weight', '[\"500GM\"]', '<p>SUNRISE Ground Red Chilli is a Ground Dried Red Chili Powder with a perfect blend of colour &amp; pungency.</p>', '1634023042_sunrise pure red chilli lal mirch powder.jpg', '1', '0', '2021-10-12 10:47:22', '2021-10-12 10:47:22', NULL),
(19, 'Sunrise mustard powder 50gm', 12, 3, 'null', 'weight', '[\"500GM\"]', '<p>SUNRISE Ground Mustard Powder is a unique spice made from fresh ground black mustard seeds popular for its pungency and taste of pure mustard.</p>', '1634023388_sunrise pure mustard powder.jpg', '1', '0', '2021-10-12 10:53:08', '2021-10-12 10:53:08', NULL);

-- --------------------------------------------------------

--
-- Table structure for table `product_attributes`
--

CREATE TABLE `product_attributes` (
  `id` int(11) NOT NULL,
  `slug` varchar(100) NOT NULL,
  `name` varchar(100) NOT NULL,
  `status` enum('1','0') NOT NULL DEFAULT '1',
  `created_at` timestamp NOT NULL DEFAULT current_timestamp(),
  `updated_at` timestamp NOT NULL DEFAULT current_timestamp() ON UPDATE current_timestamp(),
  `deleted_at` timestamp NULL DEFAULT NULL
) ENGINE=InnoDB DEFAULT CHARSET=utf8mb4;

--
-- Dumping data for table `product_attributes`
--

INSERT INTO `product_attributes` (`id`, `slug`, `name`, `status`, `created_at`, `updated_at`, `deleted_at`) VALUES
(1, 'size', 'Size', '1', '2021-09-12 18:35:28', '2021-09-12 18:35:28', NULL),
(2, 'weight', 'Weight', '1', '2021-09-12 18:36:18', '2021-09-12 18:36:18', NULL),
(3, 'quantity', 'Quantity', '1', '2021-09-25 03:28:28', '2021-09-25 03:28:28', NULL);

-- --------------------------------------------------------

--
-- Table structure for table `product_attribute_variants`
--

CREATE TABLE `product_attribute_variants` (
  `id` int(11) NOT NULL,
  `attribute_id` int(11) NOT NULL,
  `name` varchar(100) NOT NULL,
  `status` enum('1','0') NOT NULL DEFAULT '1',
  `created_at` timestamp NOT NULL DEFAULT current_timestamp(),
  `updated_at` timestamp NOT NULL DEFAULT current_timestamp() ON UPDATE current_timestamp(),
  `deleted_at` timestamp NULL DEFAULT NULL
) ENGINE=InnoDB DEFAULT CHARSET=utf8mb4;

--
-- Dumping data for table `product_attribute_variants`
--

INSERT INTO `product_attribute_variants` (`id`, `attribute_id`, `name`, `status`, `created_at`, `updated_at`, `deleted_at`) VALUES
(1, 1, 'S', '1', '2021-09-17 19:52:56', '2021-09-17 19:52:56', NULL),
(2, 1, 'M', '1', '2021-09-17 19:53:01', '2021-09-17 19:53:01', NULL),
(3, 1, 'L', '1', '2021-09-17 19:53:04', '2021-09-17 19:53:04', NULL),
(4, 1, 'XL', '1', '2021-09-17 19:53:08', '2021-09-17 19:53:08', NULL),
(5, 3, '1L', '1', '2021-09-25 03:29:04', '2021-09-25 03:29:04', NULL),
(6, 3, '2L', '1', '2021-09-25 03:29:11', '2021-09-25 03:29:11', NULL),
(7, 3, '3L', '1', '2021-09-25 03:29:17', '2021-09-25 03:29:17', NULL),
(8, 3, '4L', '1', '2021-09-25 03:29:25', '2021-09-25 03:29:25', NULL),
(9, 3, '5L', '1', '2021-09-25 03:29:36', '2021-09-25 03:29:36', NULL),
(10, 2, '1KG', '1', '2021-09-26 13:36:14', '2021-09-29 01:07:08', NULL),
(11, 1, 'XXL', '1', '2021-09-28 18:55:58', '2021-09-28 18:55:58', NULL),
(12, 2, '500GM', '1', '2021-09-28 19:00:20', '2021-09-28 19:00:20', NULL),
(13, 1, 'FREE', '1', '2021-09-28 22:18:23', '2021-09-28 22:18:23', NULL),
(14, 2, '100GM', '1', '2021-09-30 18:45:26', '2021-09-30 18:45:26', NULL),
(15, 2, '250GM', '1', '2021-09-30 18:46:00', '2021-09-30 18:46:00', NULL),
(16, 2, '50GM', '1', '2021-09-30 18:46:14', '2021-09-30 18:46:14', NULL),
(17, 2, '200GM', '1', '2021-10-11 10:54:33', '2021-10-11 10:54:33', NULL);

-- --------------------------------------------------------

--
-- Table structure for table `product_images`
--

CREATE TABLE `product_images` (
  `id` int(11) NOT NULL,
  `product_id` int(11) NOT NULL,
  `image` varchar(200) NOT NULL,
  `created_at` timestamp NULL DEFAULT current_timestamp(),
  `updated_at` timestamp NOT NULL DEFAULT current_timestamp() ON UPDATE current_timestamp()
) ENGINE=InnoDB DEFAULT CHARSET=utf8mb4;

--
-- Dumping data for table `product_images`
--

INSERT INTO `product_images` (`id`, `product_id`, `image`, `created_at`, `updated_at`) VALUES
(2, 1, '1632865147_prod-img.png', '2021-09-29 01:09:07', '2021-09-29 01:09:07'),
(3, 1, '1632865160_urad-dal-urad-dal-tata-sampann-original-imag27vfhhfuczxf.jpeg', '2021-09-29 01:09:20', '2021-09-29 01:09:20'),
(4, 1, '1632865179_urad-dal-whole-urad-dal-tata-sampann-original-imag27vfwx7b5gj9.jpeg', '2021-09-29 01:09:39', '2021-09-29 01:09:39'),
(5, 8, '1633243753_263907-6_1-eno-fruit-salt-lemon.jpg', '2021-10-03 10:19:13', '2021-10-03 10:19:13'),
(6, 8, '1633243753_263907-2_7-eno-fruit-salt-lemon.jpg', '2021-10-03 10:19:13', '2021-10-03 10:19:13');

-- --------------------------------------------------------

--
-- Table structure for table `product_variants`
--

CREATE TABLE `product_variants` (
  `id` int(11) NOT NULL,
  `product_id` int(11) NOT NULL,
  `variant` text DEFAULT NULL,
  `color` varchar(100) DEFAULT NULL,
  `price` double(10,2) NOT NULL,
  `offeredprice` double(10,2) NOT NULL,
  `quantity` int(11) NOT NULL,
  `status` enum('1','0') NOT NULL DEFAULT '1',
  `sku` tinytext DEFAULT NULL,
  `created_at` timestamp NOT NULL DEFAULT current_timestamp(),
  `updated_at` timestamp NOT NULL DEFAULT current_timestamp() ON UPDATE current_timestamp(),
  `deleted_at` timestamp NULL DEFAULT NULL
) ENGINE=InnoDB DEFAULT CHARSET=utf8mb4;

--
-- Dumping data for table `product_variants`
--

INSERT INTO `product_variants` (`id`, `product_id`, `variant`, `color`, `price`, `offeredprice`, `quantity`, `status`, `sku`, `created_at`, `updated_at`, `deleted_at`) VALUES
(1, 1, 'weight:500GM', NULL, 96.00, 91.00, 9, '1', 'AP-0001', '2021-09-28 21:36:00', '2021-10-09 22:08:44', NULL),
(2, 1, 'weight:1KG', NULL, 190.00, 163.00, 10, '1', 'AP-0002', '2021-09-28 21:38:08', '2021-10-07 00:22:37', NULL),
(3, 2, NULL, NULL, 539.00, 242.00, 10, '1', NULL, '2021-09-28 21:42:37', '2021-09-28 21:42:37', NULL),
(4, 3, NULL, '#000000', 1499.00, 519.00, 5, '1', 'AP-005', '2021-09-28 21:45:49', '2021-09-29 01:17:09', NULL),
(5, 3, NULL, '#fc0101', 1299.00, 450.00, 10, '1', 'AP-006', '2021-09-28 21:45:49', '2021-09-29 01:17:10', NULL),
(6, 4, 'weight:1KG', NULL, 42.00, 37.00, 0, '1', NULL, '2021-09-30 03:29:35', '2021-10-06 11:38:40', NULL),
(7, 5, NULL, NULL, 84.00, 82.00, 0, '1', NULL, '2021-09-30 15:24:32', '2021-10-06 19:39:30', NULL),
(8, 6, 'weight:1KG', NULL, 182.00, 138.00, 0, '1', NULL, '2021-09-30 15:33:36', '2021-10-07 09:08:57', NULL),
(9, 7, NULL, NULL, 10.00, 9.50, 0, '1', NULL, '2021-09-30 15:45:58', '2021-10-11 21:41:36', NULL),
(10, 8, 'weight:500GM', NULL, 250.00, 150.00, 9, '1', '25258252', '2021-10-03 06:47:16', '2021-10-03 10:24:10', NULL),
(11, 8, 'weight:250GM', NULL, 100.00, 50.00, 5, '1', '55525522', '2021-10-03 06:47:16', '2021-10-03 06:47:16', NULL),
(12, 9, 'weight:250GM', NULL, 25.00, 24.00, 5, '1', 'Fgsgsg', '2021-10-07 06:34:18', '2021-10-07 06:34:18', NULL),
(13, 10, 'weight:1KG', NULL, 45.00, 36.00, 1, '1', '8906010070267', '2021-10-07 07:29:25', '2021-10-12 11:27:09', NULL),
(14, 10, 'weight:500GM', NULL, 24.00, 20.00, 15, '1', '8906010070243', '2021-10-11 05:04:42', '2021-10-11 08:34:54', NULL),
(15, 11, 'weight:500GM', NULL, 29.00, 22.00, 5, '1', '8906010073916', '2021-10-11 05:19:04', '2021-10-11 05:19:04', NULL),
(16, 12, 'weight:250GM', NULL, 50.00, 48.00, 5, '1', '8906032016571', '2021-10-11 05:34:31', '2021-10-11 05:34:31', NULL),
(17, 13, 'weight:500GM', NULL, 92.00, 70.00, 5, '1', '8906010073817', '2021-10-11 06:07:18', '2021-10-11 06:07:18', NULL),
(18, 14, 'weight:100GM', NULL, 18.00, 15.00, 15, '1', '8906007283137', '2021-10-11 06:36:50', '2021-10-11 06:36:50', NULL),
(19, 15, 'weight:100GM', NULL, 10.00, 9.75, 10, '1', '8901088072274', '2021-10-11 07:23:42', '2021-10-11 10:56:57', NULL),
(20, 15, 'weight:200GM', NULL, 50.00, 47.00, 10, '1', '8901088072236', '2021-10-11 07:26:58', '2021-10-11 07:26:58', NULL),
(21, 16, 'weight:50GM', NULL, 17.00, 9.75, 20, '1', '8901781000338', '2021-10-11 07:37:40', '2021-10-11 11:10:01', NULL),
(22, 16, 'weight:200GM', NULL, 70.00, 38.00, 4, '1', '8901781001632', '2021-10-11 07:40:01', '2021-10-11 07:40:01', NULL),
(23, 17, 'weight:50GM', NULL, 29.00, 18.00, 30, '1', '8901781000369', '2021-10-12 07:14:31', '2021-10-12 07:14:31', NULL),
(24, 18, 'weight:500GM', NULL, 24.00, 15.00, 30, '1', '8901781000352', '2021-10-12 07:17:22', '2021-10-12 07:17:22', NULL),
(25, 19, 'weight:500GM', NULL, 15.00, 13.00, 15, '1', '8901781001656', '2021-10-12 07:23:08', '2021-10-12 07:23:08', NULL);

-- --------------------------------------------------------

--
-- Table structure for table `product_wishlists`
--

CREATE TABLE `product_wishlists` (
  `id` int(11) NOT NULL,
  `user_id` int(11) NOT NULL,
  `product_id` int(11) NOT NULL,
  `created_at` timestamp NOT NULL DEFAULT current_timestamp(),
  `updated_at` timestamp NOT NULL DEFAULT current_timestamp() ON UPDATE current_timestamp(),
  `deleted_at` timestamp NULL DEFAULT NULL
) ENGINE=InnoDB DEFAULT CHARSET=latin1;

--
-- Dumping data for table `product_wishlists`
--

INSERT INTO `product_wishlists` (`id`, `user_id`, `product_id`, `created_at`, `updated_at`, `deleted_at`) VALUES
(2, 3, 1, '2021-10-11 22:21:57', '2021-10-11 22:21:57', NULL),
(3, 3, 2, '2021-10-11 22:22:37', '2021-10-11 22:22:37', NULL);

-- --------------------------------------------------------

--
-- Table structure for table `roles`
--

CREATE TABLE `roles` (
  `id` int(11) NOT NULL,
  `name` varchar(200) NOT NULL,
  `slug` varchar(200) NOT NULL,
  `created_at` timestamp NOT NULL DEFAULT current_timestamp(),
  `updated_at` timestamp NOT NULL DEFAULT current_timestamp()
) ENGINE=InnoDB DEFAULT CHARSET=utf8mb4;

--
-- Dumping data for table `roles`
--

INSERT INTO `roles` (`id`, `name`, `slug`, `created_at`, `updated_at`) VALUES
(1, 'Super Admin', 'superadmin', '2020-10-22 04:57:30', '2020-10-22 04:38:39'),
(2, 'Administrative', 'admin', '2020-10-22 04:57:30', '2020-10-22 03:47:03'),
(3, 'User', 'user', '2020-10-22 04:57:30', '2020-10-22 04:57:30'),
(5, 'Delivery Boy', 'deliveryboy', '2021-09-22 19:38:19', '2021-09-22 19:38:19');

-- --------------------------------------------------------

--
-- Table structure for table `settings`
--

CREATE TABLE `settings` (
  `id` int(11) NOT NULL,
  `name` varchar(200) NOT NULL,
  `title` tinytext NOT NULL,
  `contactmobile` varchar(30) DEFAULT NULL,
  `contactwhatsapp` varchar(30) DEFAULT NULL,
  `contactemail` varchar(50) DEFAULT NULL,
  `contactaddress` tinytext DEFAULT NULL,
  `smsflag` enum('1','0') NOT NULL DEFAULT '1',
  `smssender` varchar(100) DEFAULT NULL,
  `smsuser` varchar(100) DEFAULT NULL,
  `smspwd` varchar(100) DEFAULT NULL,
  `mailhost` tinytext DEFAULT NULL,
  `mailport` tinytext DEFAULT NULL,
  `mailenc` tinytext DEFAULT NULL,
  `mailuser` tinytext DEFAULT NULL,
  `mailpwd` tinytext DEFAULT NULL,
  `mailfrom` tinytext DEFAULT NULL,
  `mailname` tinytext DEFAULT NULL,
  `deliverycharge_status` enum('enable','disable') NOT NULL DEFAULT 'enable',
  `deliverycharge_perkm` double(10,2) NOT NULL DEFAULT 0.00,
  `deliverycharge_min` double(10,2) DEFAULT NULL,
  `deliverycharge_freeordervalue` double(10,2) DEFAULT NULL,
  `order_minval` double(10,2) DEFAULT NULL
) ENGINE=InnoDB DEFAULT CHARSET=utf8mb4;

--
-- Dumping data for table `settings`
--

INSERT INTO `settings` (`id`, `name`, `title`, `contactmobile`, `contactwhatsapp`, `contactemail`, `contactaddress`, `smsflag`, `smssender`, `smsuser`, `smspwd`, `mailhost`, `mailport`, `mailenc`, `mailuser`, `mailpwd`, `mailfrom`, `mailname`, `deliverycharge_status`, `deliverycharge_perkm`, `deliverycharge_min`, `deliverycharge_freeordervalue`, `order_minval`) VALUES
(1, 'Arambagh Plaza', 'Best Quality & Lowest Price Guaranteed', '8637337025', '8637337025', 'arambaghplaza.developer@gmail.com', 'Village - Bengai, Para - Bazarpara, Arambagh, Pin - 712611', '0', 'null', 'null', 'null', 'mail.arambaghplaza.com', '465', 'ssl', 'smtp@arambaghplaza.com', '{[4;^OSe7oq@', 'noreply@arambaghplaza.com', 'Arambagh Plaza', 'enable', 6.00, 20.00, 349.00, 99.00);

-- --------------------------------------------------------

--
-- Table structure for table `shops`
--

CREATE TABLE `shops` (
  `id` int(11) NOT NULL,
  `user_id` int(11) NOT NULL,
  `shop_name` varchar(200) DEFAULT NULL,
  `shop_tagline` varchar(200) DEFAULT NULL,
  `shop_mobile` varchar(10) DEFAULT NULL,
  `shop_email` varchar(100) DEFAULT NULL,
  `shop_location` text DEFAULT NULL,
  `shop_delivery_radius` varchar(50) DEFAULT NULL,
  `shop_latitude` varchar(50) DEFAULT NULL,
  `shop_longitude` varchar(50) DEFAULT NULL,
  `shop_address` text DEFAULT NULL,
  `shop_logo` varchar(100) DEFAULT NULL,
  `status` enum('1','0') NOT NULL DEFAULT '0',
  `created_at` timestamp NOT NULL DEFAULT current_timestamp(),
  `updated_at` timestamp NOT NULL DEFAULT current_timestamp() ON UPDATE current_timestamp()
) ENGINE=InnoDB DEFAULT CHARSET=utf8mb4;

--
-- Dumping data for table `shops`
--

INSERT INTO `shops` (`id`, `user_id`, `shop_name`, `shop_tagline`, `shop_mobile`, `shop_email`, `shop_location`, `shop_delivery_radius`, `shop_latitude`, `shop_longitude`, `shop_address`, `shop_logo`, `status`, `created_at`, `updated_at`) VALUES
(1, 1, 'Arambagh Plaza Retail Store', NULL, '7365833384', 'arambaghplaza.developer@gmail.com', 'West Bengal 712611, India', '15000', '22.9336294', '87.6753726', '{\"address_line1\":\"Village - Bengai\",\"address_line2\":\"Para - Bazarpara\",\"postal_code\":\"712611\",\"city\":\"Arambagh\",\"state\":\"WB\",\"country\":\"India\"}', '1631905612_img-1.png', '1', '2021-09-17 13:08:38', '2021-10-10 13:27:58');

-- --------------------------------------------------------

--
-- Table structure for table `support_tickets`
--

CREATE TABLE `support_tickets` (
  `id` int(11) NOT NULL,
  `code` varchar(50) NOT NULL,
  `type` enum('cancelorder','replaceorder','contactrequest') NOT NULL,
  `user_id` int(11) DEFAULT NULL,
  `name` varchar(100) NOT NULL,
  `mobile` varchar(50) NOT NULL,
  `alternate_mobile` varchar(50) DEFAULT NULL,
  `email` varchar(100) NOT NULL,
  `subject` tinytext NOT NULL,
  `order_code` varchar(100) DEFAULT NULL,
  `message` text DEFAULT NULL,
  `status` enum('pending','resolved','rejected') NOT NULL,
  `created_at` timestamp NOT NULL DEFAULT current_timestamp(),
  `updated_at` timestamp NOT NULL DEFAULT current_timestamp() ON UPDATE current_timestamp()
) ENGINE=InnoDB DEFAULT CHARSET=latin1;

--
-- Dumping data for table `support_tickets`
--

INSERT INTO `support_tickets` (`id`, `code`, `type`, `user_id`, `name`, `mobile`, `alternate_mobile`, `email`, `subject`, `order_code`, `message`, `status`, `created_at`, `updated_at`) VALUES
(1, 'APZ-44748141', 'contactrequest', NULL, 'Pramit', '9876543210', NULL, 'pramit@yopmail.com', 'I want to contact Administrative Team', NULL, 'This is a test message', 'pending', '2021-10-12 01:27:07', '2021-10-12 01:27:07'),
(2, 'APZ-27516586', 'contactrequest', NULL, 'Pramit', '9876543210', NULL, 'pramit@yopmail.com', 'I want to contact Administrative Team', NULL, 'This is a test message', 'pending', '2021-10-12 01:28:53', '2021-10-12 01:28:53'),
(3, 'APZ-55295780', 'contactrequest', NULL, 'Pramit', '9876543210', NULL, 'pramit@yopmail.com', 'I want to contact Administrative Team', NULL, 'This is a test message', 'pending', '2021-10-12 01:29:11', '2021-10-12 01:29:11'),
(4, 'APZ-59247075', 'contactrequest', NULL, 'Pramit', '8425054855', NULL, 'pramit@yopmail.com', 'I want to contact Administrative Team', NULL, 'Test Message', 'pending', '2021-10-12 01:30:05', '2021-10-12 01:30:05');

-- --------------------------------------------------------

--
-- Table structure for table `support_ticket_subjects`
--

CREATE TABLE `support_ticket_subjects` (
  `id` int(11) NOT NULL,
  `type` varchar(100) DEFAULT NULL,
  `name` varchar(200) NOT NULL,
  `created_at` timestamp NOT NULL DEFAULT current_timestamp(),
  `updated_at` timestamp NOT NULL DEFAULT current_timestamp() ON UPDATE current_timestamp()
) ENGINE=InnoDB DEFAULT CHARSET=latin1;

--
-- Dumping data for table `support_ticket_subjects`
--

INSERT INTO `support_ticket_subjects` (`id`, `type`, `name`, `created_at`, `updated_at`) VALUES
(1, 'cancelorder', 'I want to cancel my order', '2021-09-29 19:13:36', '2021-09-29 19:38:44'),
(2, 'replaceorder', 'I want to replace my order', '2021-09-29 19:13:36', '2021-09-29 19:38:50'),
(3, 'contactrequest', 'I want to contact Administrative Team', '2021-10-11 21:46:55', '2021-10-11 21:46:55');

-- --------------------------------------------------------

--
-- Table structure for table `testimonial_contents`
--

CREATE TABLE `testimonial_contents` (
  `id` int(11) NOT NULL,
  `name` varchar(200) NOT NULL,
  `designation` varchar(200) DEFAULT NULL,
  `image` varchar(250) DEFAULT NULL,
  `content` tinytext NOT NULL,
  `status` enum('1','0') NOT NULL DEFAULT '1',
  `created_at` timestamp NOT NULL DEFAULT current_timestamp(),
  `updated_at` timestamp NOT NULL DEFAULT current_timestamp(),
  `deleted_at` timestamp NULL DEFAULT NULL
) ENGINE=InnoDB DEFAULT CHARSET=utf8mb4;

--
-- Dumping data for table `testimonial_contents`
--

INSERT INTO `testimonial_contents` (`id`, `name`, `designation`, `image`, `content`, `status`, `created_at`, `updated_at`, `deleted_at`) VALUES
(1, 'Xin Nakamura', NULL, NULL, 'Travelling was my hobby and gradually I have become addicted to travelling. This app helps me every single time when I decide to visit somewhere. Great app!', '1', '2021-10-16 20:16:59', '2021-10-16 20:25:17', NULL),
(2, 'John Doe', NULL, NULL, 'Travelling was my hobby and gradually I have become addicted to travelling. This app helps me every single time when I decide to visit somewhere. Great app!', '1', '2021-10-16 20:16:59', '2021-10-16 20:25:18', NULL),
(3, 'James Bond', NULL, NULL, 'Travelling was my hobby and gradually I have become addicted to travelling. This app helps me every single time when I decide to visit somewhere. Great app!', '1', '2021-10-16 20:16:59', '2021-10-16 20:25:18', NULL),
(4, 'Doe John', NULL, NULL, 'Travelling was my hobby and gradually I have become addicted to travelling. This app helps me every single time when I decide to visit somewhere. Great app!', '1', '2021-10-16 20:16:59', '2021-10-16 20:25:19', NULL);

-- --------------------------------------------------------

--
-- Table structure for table `users`
--

CREATE TABLE `users` (
  `id` bigint(20) UNSIGNED NOT NULL,
  `role_id` int(11) NOT NULL,
  `name` varchar(255) COLLATE utf8mb4_unicode_ci NOT NULL,
  `email` varchar(255) COLLATE utf8mb4_unicode_ci NOT NULL,
  `mobile` varchar(50) COLLATE utf8mb4_unicode_ci DEFAULT NULL,
  `profile_image` varchar(255) COLLATE utf8mb4_unicode_ci DEFAULT NULL,
  `alloted_shops` text COLLATE utf8mb4_unicode_ci DEFAULT NULL COMMENT 'for Delivery Boys',
  `email_verified_at` timestamp NULL DEFAULT NULL,
  `mobile_verified_at` timestamp NULL DEFAULT NULL,
  `resetpwd` enum('default','changed') COLLATE utf8mb4_unicode_ci NOT NULL DEFAULT 'default',
  `password` varchar(255) COLLATE utf8mb4_unicode_ci NOT NULL,
  `remember_token` varchar(100) COLLATE utf8mb4_unicode_ci DEFAULT NULL,
  `api_token` varchar(100) COLLATE utf8mb4_unicode_ci DEFAULT NULL,
  `status` enum('1','0') COLLATE utf8mb4_unicode_ci NOT NULL DEFAULT '1',
  `created_at` timestamp NULL DEFAULT NULL,
  `updated_at` timestamp NULL DEFAULT NULL
) ENGINE=InnoDB DEFAULT CHARSET=utf8mb4 COLLATE=utf8mb4_unicode_ci;

--
-- Dumping data for table `users`
--

INSERT INTO `users` (`id`, `role_id`, `name`, `email`, `mobile`, `profile_image`, `alloted_shops`, `email_verified_at`, `mobile_verified_at`, `resetpwd`, `password`, `remember_token`, `api_token`, `status`, `created_at`, `updated_at`) VALUES
(1, 1, 'Super Admin', 'arambaghplaza.developer@gmail.com', '9876543211', '1631129646_user-default.png', NULL, NULL, '2021-09-08 14:00:43', 'changed', '$2y$10$1VQnu5rRqfiUHPBJRYDMd.MSiyzrwEy6bWJ0VNjFGYbzQOJPWf6ja', 'cPiF9zZObi1OM5yxVKYJYdvT9JqYIrcn6PXhAC60v3xF6uh1uTNEv8yRRj85', NULL, '1', '2021-09-08 19:03:48', '2021-10-16 20:39:30'),
(2, 3, 'Pradip Mondal', 'pradip.ivan@gmail.com', '9038505480', NULL, NULL, NULL, '2021-10-02 17:07:10', 'default', '$2y$10$klP/IqUnd24jyO.uMAaAbOBgmH1NJPs.D2fzUiBpL4i6gZHORjLGa', NULL, NULL, '1', '2021-10-02 17:07:10', '2021-10-02 17:07:10'),
(3, 3, 'Pramit Paul', 'pramitpaul1999@gmail.com', '8420549531', NULL, NULL, NULL, '2021-10-06 23:15:56', 'default', '$2y$10$8W0BIc2IS7SA5YQPwRVMzuTaQ0WT82HL30EvJ/0QP4P1zcG6OwRsC', NULL, NULL, '1', '2021-10-02 18:58:48', '2021-10-06 23:15:56'),
(4, 3, 'Atanu Bhanja', 'atanu@gmail.com', '8538892796', NULL, NULL, NULL, '2021-10-03 19:50:37', 'default', '$2y$10$TrMsaX5XpO89/vsiZpBlEOTwPUb7V2mC8q9EWpdIYen3N3dgDNMI.', NULL, NULL, '1', '2021-10-03 19:50:37', '2021-10-11 22:41:46'),
(5, 3, 'koushik koner', 'kk007_akpc@yahoo.com', '7029736406', NULL, NULL, NULL, '2021-10-03 21:23:41', 'default', '$2y$10$jXKHlwkAQjKKZK/7XlVR5.DichLGijeZKfsQ67BwAt7M4w4Qes1uS', NULL, NULL, '1', '2021-10-03 21:23:41', '2021-10-03 21:23:41'),
(6, 3, 'James', 'james.2020@yopmail.com', '6216549870', NULL, NULL, NULL, '2021-10-03 21:31:34', 'default', '$2y$10$dTp.9Bqo1Nqdel3QK1AlRuUVaRTHqxqGVNDWQkhYlT/ZjILjvR/22', NULL, NULL, '1', '2021-10-03 21:31:34', '2021-10-03 21:31:34'),
(7, 3, 'Babai', 'sudip@yopmail.com', '7908280424', NULL, NULL, NULL, '2021-10-03 21:43:10', 'default', '$2y$10$mUHaGjQ0/W3dPBw1rHLwPO8zKCbglhbCYVRCmWX5uz32gLhbxPgcC', NULL, NULL, '1', '2021-10-03 21:43:10', '2021-10-03 21:43:10'),
(8, 3, 'Sudipta Mukherjee', 'sudipta.ccu@gmail.com', '7908250424', NULL, NULL, NULL, '2021-10-04 03:03:40', 'default', '$2y$10$z39WFa4FPF.uQ0GvMQIUwOOpfCGmwPNlb19AeJ8OrxfYlBI5jT85K', NULL, NULL, '1', '2021-10-04 03:03:40', '2021-10-04 03:03:40'),
(9, 3, 'ddd', 'ddd@yopmail.com', '7908250428', NULL, NULL, NULL, '2021-10-05 22:51:40', 'default', '$2y$10$SYK2cEU0FdDXMQmSBJL0uuQrS9cUT4bSgMyk3y44udhXIDRcQbq4O', NULL, NULL, '1', '2021-10-05 22:51:40', '2021-10-05 22:51:40'),
(10, 3, 'pradip mondal', 'pradip.ivan@yopmail.com', '6325852369', NULL, NULL, NULL, '2021-10-06 15:45:20', 'default', '$2y$10$UoQUxDKT7sKmzSjMKj1qnu5zB2WsIA0oyVGJZ6VjKUnH0xXLaDKHm', NULL, NULL, '1', '2021-10-06 15:45:20', '2021-10-06 15:45:20'),
(11, 5, 'Atanu Driver', 'atanu.driver@yopmail.com', '9874563210', NULL, '[\"1\"]', NULL, NULL, 'default', '$2y$10$lmScU9bRIYiTUpYWEsMbd.fvIiiOR51TV/DiEF6fyO7/7kFysTaPy', NULL, NULL, '1', '2021-10-06 22:11:28', '2021-10-06 22:11:28'),
(12, 3, 'Sandip', 'sandip@yopmail.com', '9636363508', NULL, NULL, NULL, '2021-10-07 09:04:27', 'default', '$2y$10$d356GQOpKWNc5z.WHTnKU.eWH1pXAFHjHb/VpZR0vfZU40/NV267y', NULL, NULL, '1', '2021-10-07 09:04:27', '2021-10-07 09:04:27'),
(13, 3, 'Bapan', 'sudipta.ccu@yopmail.com', '7908250420', NULL, NULL, NULL, '2021-10-09 00:16:01', 'default', '$2y$10$wNA/2dB7ovvc3gctp10MIOvv6lpTDTPky/BSbZIGv1YEuVTAuFiqi', NULL, NULL, '1', '2021-10-09 00:16:01', '2021-10-09 00:16:01'),
(14, 3, 'koushik koner', 'rpkoner@rediffmail.com', '8637337025', NULL, NULL, NULL, '2021-10-09 13:08:25', 'default', '$2y$10$X3zyqD0QI2dZuTJQU.kpYuDRVIQEVhZq1oyXgC6gbQzQ/LqJasB5O', NULL, NULL, '1', '2021-10-09 13:08:25', '2021-10-09 13:08:25'),
(15, 3, 'Arindam Chatterjee', 'arindamac92@gmail.com', '8617891943', NULL, NULL, NULL, '2021-10-10 20:58:48', 'default', '$2y$10$DEgZG8A9vRhp/t7klP/B/ejFn79Nhe33rorUCV5LH/UKvQF4YWlDC', NULL, NULL, '1', '2021-10-10 20:58:48', '2021-10-10 20:58:48'),
(16, 3, 'MRINAL KANTI MADDUNEY', 'mrinalmadduney9@gmail.com', '6289054612', NULL, NULL, NULL, '2021-10-10 21:41:51', 'default', '$2y$10$/GXKYRJxEz87TwGXBDku5.HpTUfYML5uP5i3HwcFLlRiErlkibm4S', NULL, NULL, '1', '2021-10-10 21:41:51', '2021-10-10 21:41:51'),
(17, 3, 'Dipesh Mondal', 'mondaldipesh2002@gmail.com', '7029398688', NULL, NULL, NULL, '2021-10-10 21:44:24', 'default', '$2y$10$C27omQbdnmD7qTdh5si0Dua1uU04DGd/nuYPKZMz7F3bN.VVaAJuO', NULL, NULL, '1', '2021-10-10 21:44:24', '2021-10-10 21:44:24');

-- --------------------------------------------------------

--
-- Table structure for table `user_addresses`
--

CREATE TABLE `user_addresses` (
  `id` int(11) NOT NULL,
  `user_id` int(11) NOT NULL,
  `type` enum('home','work','other') NOT NULL DEFAULT 'other',
  `name` varchar(100) NOT NULL,
  `mobile` varchar(10) NOT NULL,
  `location` text NOT NULL,
  `latitude` varchar(50) NOT NULL,
  `longitude` varchar(50) NOT NULL,
  `full_address` text NOT NULL,
  `is_default` tinyint(1) NOT NULL DEFAULT 0,
  `created_at` timestamp NOT NULL DEFAULT current_timestamp(),
  `updated_at` timestamp NOT NULL DEFAULT current_timestamp() ON UPDATE current_timestamp()
) ENGINE=InnoDB DEFAULT CHARSET=utf8mb4;

--
-- Dumping data for table `user_addresses`
--

INSERT INTO `user_addresses` (`id`, `user_id`, `type`, `name`, `mobile`, `location`, `latitude`, `longitude`, `full_address`, `is_default`, `created_at`, `updated_at`) VALUES
(3, 3, 'work', 'Pramit Paul', '9876543212', 'Address Not Available!', '22.8976163', '87.6556468', '{\"address_line1\":\"RB CHATTERJEE ROAD\",\"address_line2\":\"Lakurdi Bamunpara\",\"postal_code\":\"712611\",\"city\":null,\"state\":null,\"country\":null,\"landmark\":\"taratari\"}', 0, '2021-09-30 02:05:44', '2021-10-07 23:40:48'),
(5, 3, 'other', 'Pramit Paul', '9876543212', 'Unnamed Road, Unnamed Road, Bengai, Hooghly, West Bengal, 712611, India, IN', '22.9336294', '87.6753726', '{\"address_line1\":\"Vill - Bengai P.O- Bengai\",\"address_line2\":\"Near Laxmi mandir\",\"postal_code\":\"712611\",\"city\":null,\"state\":null,\"country\":null,\"landmark\":\"Bengai Bhattacharya para\"}', 1, '2021-10-02 02:27:05', '2021-10-07 23:40:48'),
(6, 10, 'home', 'pradip mondal', '6325852369', 'Address Not Available!', '22.6023183', '88.4432144', '{\"address_line1\":\"testing address\",\"address_line2\":\"jsjdjjdjd\",\"postal_code\":\"700159\",\"city\":null,\"state\":null,\"country\":null,\"landmark\":\"jsjsjdjdj\"}', 0, '2021-10-07 00:41:35', '2021-10-09 23:49:17'),
(7, 10, 'other', 'pradip mondal', '6325852369', '68-2, Rajarhat, Kolkata, North 24 Parganas, West Bengal, 700090, India, IN', '22.6023183', '88.4432144', '{\"address_line1\":\"jdjdjdjdj\",\"address_line2\":\"jsjdjjdjd\",\"postal_code\":\"700159\",\"city\":null,\"state\":null,\"country\":null,\"landmark\":\"jsjsjdjdj\"}', 1, '2021-10-07 00:41:55', '2021-10-09 23:49:17'),
(8, 10, 'work', 'pradip mondal', '6325852369', '68-2, Rajarhat, Kolkata, North 24 Parganas, West Bengal, 700090, India, IN', '22.6023183', '88.4432144', '{\"address_line1\":\"asd\",\"address_line2\":\"jsjdjjdjd\",\"postal_code\":\"700159\",\"city\":null,\"state\":null,\"country\":null,\"landmark\":\"jsjsjdjdj\"}', 0, '2021-10-07 00:42:21', '2021-10-09 23:49:17'),
(9, 12, 'home', 'Sandip', '9636363508', 'Unnamed Road, Unnamed Road, Bengai, Hooghly, West Bengal, 712611, India, IN', '22.9336294', '87.6753726', '{\"address_line1\":\"bdbsb\",\"address_line2\":\"gss\",\"postal_code\":\"712611\",\"city\":null,\"state\":null,\"country\":null,\"landmark\":\"vhshshssjs\"}', 1, '2021-10-07 09:05:52', '2021-10-07 09:08:10'),
(10, 13, 'home', 'Bapan', '7908250420', 'Unnamed Road, Unnamed Road, Bengai, Hooghly, West Bengal, 712611, India, IN', '22.9336294', '87.6753726', '{\"address_line1\":\"cggh\",\"address_line2\":\"vvb\",\"postal_code\":\"712611\",\"city\":null,\"state\":null,\"country\":null,\"landmark\":\"cvh\"}', 1, '2021-10-09 00:17:59', '2021-10-09 00:17:59'),
(11, 14, 'home', 'koushik koner', '8637337025', 'Unnamed Road, Unnamed Road, Raghubati, Hooghly, West Bengal, 712602, India, IN', '22.9356089', '87.7187092', '{\"address_line1\":\"rajagram\",\"address_line2\":\"raghubati\",\"postal_code\":\"712614\",\"city\":null,\"state\":null,\"country\":null,\"landmark\":\"raghunath mondir\"}', 1, '2021-10-09 22:04:36', '2021-10-09 22:08:20'),
(12, 15, 'home', 'Arindam Chatterjee', '8617891943', 'Unnamed Road, Unnamed Road, Raghubati, Hooghly, West Bengal, 712602, India, IN', '22.9369744', '87.713721', '{\"address_line1\":\"Vill.+P.O. - Raghubati\",\"address_line2\":\"T. N. Mukherjee Road\",\"postal_code\":\"712614\",\"city\":null,\"state\":null,\"country\":null,\"landmark\":\"Chatterjee Cyber Cafe\"}', 1, '2021-10-10 21:01:10', '2021-10-10 21:01:10'),
(13, 4, 'home', 'Atanu Bhanja', '8538892796', 'Gobindapur, Gobindapur, Hooghly, West Bengal, 712602, India, IN', '22.9175452', '87.7343449', '{\"address_line1\":\"Gobibdapur\",\"address_line2\":\"Gobindapur\",\"postal_code\":\"712602\",\"city\":null,\"state\":null,\"country\":null,\"landmark\":\"Gobindapur R.K High School\"}', 1, '2021-10-11 22:36:52', '2021-10-11 23:18:53'),
(14, 4, 'work', 'Atanu Bhanja', '8538892796', '35, Street Number 8, Bidhannagar, Kolkata, North 24 Parganas, West Bengal, 700091, India, IN', '22.5731607', '88.4312503', '{\"address_line1\":\"Webel More\",\"address_line2\":\"Webel More\",\"postal_code\":\"700091\",\"city\":null,\"state\":null,\"country\":null,\"landmark\":\"Webel More\"}', 0, '2021-10-11 22:44:19', '2021-10-11 23:18:52'),
(15, 8, 'home', 'Sudipta Mukherjee', '7908250424', 'Ahilyabai Holkar Road, Ahilyabai Holkar Road, Barul, Hooghly, West Bengal, 712602, India, IN', '22.9359688', '87.6955519', '{\"address_line1\":\"Bengai\",\"address_line2\":\"laxmitala\",\"postal_code\":\"712611\",\"city\":null,\"state\":null,\"country\":null,\"landmark\":\"bengai gram\"}', 1, '2021-10-12 11:26:21', '2021-10-12 11:26:21');

-- --------------------------------------------------------

--
-- Table structure for table `user_fcm_tokens`
--

CREATE TABLE `user_fcm_tokens` (
  `id` int(11) NOT NULL,
  `user_id` int(11) NOT NULL,
  `fcm_token` varchar(150) DEFAULT NULL,
  `created_at` timestamp NOT NULL DEFAULT current_timestamp(),
  `updated_at` timestamp NOT NULL DEFAULT current_timestamp() ON UPDATE current_timestamp()
) ENGINE=InnoDB DEFAULT CHARSET=latin1;

--
-- Dumping data for table `user_fcm_tokens`
--

INSERT INTO `user_fcm_tokens` (`id`, `user_id`, `fcm_token`, `created_at`, `updated_at`) VALUES
(6, 14, '23103643-7ffc-491f-8e7f-874c9247b75b', '2021-10-09 13:08:25', '2021-10-09 13:08:25'),
(9, 10, '022f8b56-ee54-4d1e-9566-c7fdd63f77d1', '2021-10-10 08:16:46', '2021-10-10 08:16:46'),
(10, 8, '70e9f56d-dacc-4c6c-9e2f-4d4c0e6cbbda', '2021-10-10 10:44:24', '2021-10-10 10:44:24'),
(11, 15, '2b8f803c-3b3b-4fe4-b909-f424f6b99a26', '2021-10-10 20:58:48', '2021-10-10 20:58:48'),
(12, 16, '1468cafb-0c56-49f3-aabb-51aed3ede23d', '2021-10-10 21:41:51', '2021-10-10 21:41:51'),
(13, 17, '2443759e-87aa-463d-b842-e84ac63bb9ce', '2021-10-10 21:44:25', '2021-10-10 21:44:25'),
(14, 4, '03f4a740-3b59-42f5-b625-f4a48b5f5260', '2021-10-11 22:35:39', '2021-10-11 22:35:39'),
(16, 8, 'f24829c2-52fd-4892-96c2-a185690f7de0', '2021-10-12 11:25:24', '2021-10-12 11:25:24');

-- --------------------------------------------------------

--
-- Table structure for table `user_notifications`
--

CREATE TABLE `user_notifications` (
  `id` int(11) NOT NULL,
  `user_id` int(11) NOT NULL,
  `heading` tinytext NOT NULL,
  `content` tinytext NOT NULL,
  `created_at` timestamp NOT NULL DEFAULT current_timestamp(),
  `updated_at` timestamp NOT NULL DEFAULT current_timestamp() ON UPDATE current_timestamp()
) ENGINE=InnoDB DEFAULT CHARSET=latin1;

--
-- Dumping data for table `user_notifications`
--

INSERT INTO `user_notifications` (`id`, `user_id`, `heading`, `content`, `created_at`, `updated_at`) VALUES
(5, 3, 'Order Placed', 'Order No: APZ-9632597545 has been placed successfully. You will be notified once the order will be accepted', '2021-10-06 21:51:56', '2021-10-06 21:51:56'),
(6, 3, 'Order Cancelled', 'Order No: APZ-9632597545 has been cancelled successfully. If you have cancelled the order by mistake please contact our support team.', '2021-10-06 21:58:57', '2021-10-06 21:58:57'),
(7, 3, 'Order Cancelled', 'Order No: APZ-4138589982 has been cancelled successfully. If you have cancelled the order by mistake please contact our support team.', '2021-10-06 21:59:23', '2021-10-06 21:59:23'),
(8, 3, 'Order Accepted', 'Order No: APZ-5311475907 has been accepted by the administrative team. You will be notified for further action.', '2021-10-06 22:08:21', '2021-10-06 22:08:21'),
(9, 3, 'Delivery boy assigned for your Order', 'Atanu Driverhas been asssigned as the delivery boy for your Order No: APZ-5311475907.', '2021-10-06 22:14:09', '2021-10-06 22:14:09'),
(10, 12, 'Order Placed', 'Order No: APZ-1439763784 has been placed successfully. You will be notified once the order will be accepted', '2021-10-07 09:08:58', '2021-10-07 09:08:58'),
(11, 12, 'Order Accepted', 'Order No: APZ-1439763784 has been accepted by the administrative team. You will be notified for further action.', '2021-10-07 09:11:26', '2021-10-07 09:11:26'),
(12, 3, 'Order Out for Delivery', 'Order No: APZ-5311475907 is out for delivery. Please be available at your location to recieve your order.', '2021-10-08 02:57:12', '2021-10-08 02:57:12'),
(13, 3, 'Order Delivered', 'Order No: APZ-5311475907 has been delivered successfully. Please rate your experience with us from your account.', '2021-10-08 02:58:04', '2021-10-08 02:58:04'),
(14, 3, 'Order Delivered', 'Order No: APZ-5311475907 has been delivered successfully. Please rate your experience with us from your account.', '2021-10-08 02:59:03', '2021-10-08 02:59:03'),
(15, 3, 'Order Accepted', 'Order No: APZ-4753096755 has been accepted by the administrative team. You will be notified for further action.', '2021-10-08 03:02:55', '2021-10-08 03:02:55'),
(16, 13, 'Order Placed', 'Order No: APZ-8411432322 has been placed successfully. You will be notified once the order will be accepted', '2021-10-09 00:21:28', '2021-10-09 00:21:28'),
(17, 14, 'Order Placed', 'Order No: APZ-7793379550 has been placed successfully. You will be notified once the order will be accepted', '2021-10-09 22:06:29', '2021-10-09 22:06:29'),
(18, 14, 'Order Placed', 'Order No: APZ-7914904095 has been placed successfully. You will be notified once the order will be accepted', '2021-10-09 22:08:44', '2021-10-09 22:08:44'),
(19, 14, 'Delivery boy assigned for your Order', 'Atanu Driver has been asssigned as the delivery boy for your Order No: APZ-7914904095.', '2021-10-10 13:21:28', '2021-10-10 13:21:28'),
(20, 14, 'Order Accepted', 'Order No: APZ-7914904095 has been accepted by the administrative team. You will be notified for further action.', '2021-10-10 13:22:45', '2021-10-10 13:22:45'),
(21, 14, 'Order Out for Delivery', 'Order No: APZ-7914904095 is out for delivery. Please be available at your location to recieve your order.', '2021-10-10 13:23:34', '2021-10-10 13:23:34'),
(22, 14, 'Order Delivered', 'Order No: APZ-7914904095 has been delivered successfully. Please rate your experience with us from your account.', '2021-10-10 21:23:17', '2021-10-10 21:23:17'),
(23, 13, 'Order Placed', 'Order No: APZ-5101620925 has been placed successfully. You will be notified once the order will be accepted', '2021-10-11 21:41:36', '2021-10-11 21:41:36'),
(24, 8, 'Order Placed', 'Order No: APZ-5262932214 has been placed successfully. You will be notified once the order will be accepted', '2021-10-12 11:27:09', '2021-10-12 11:27:09');

-- --------------------------------------------------------

--
-- Table structure for table `user_permissions`
--

CREATE TABLE `user_permissions` (
  `id` int(11) NOT NULL,
  `user_id` int(11) NOT NULL,
  `permission_id` int(11) NOT NULL
) ENGINE=InnoDB DEFAULT CHARSET=utf8mb4;

--
-- Dumping data for table `user_permissions`
--

INSERT INTO `user_permissions` (`id`, `user_id`, `permission_id`) VALUES
(1, 2, 5),
(2, 2, 6),
(3, 2, 7),
(4, 6, 38),
(5, 6, 39),
(6, 11, 38),
(7, 11, 39);

--
-- Indexes for dumped tables
--

--
-- Indexes for table `app_banners`
--
ALTER TABLE `app_banners`
  ADD PRIMARY KEY (`id`);

--
-- Indexes for table `brands`
--
ALTER TABLE `brands`
  ADD PRIMARY KEY (`id`);

--
-- Indexes for table `carts`
--
ALTER TABLE `carts`
  ADD PRIMARY KEY (`id`);

--
-- Indexes for table `categories`
--
ALTER TABLE `categories`
  ADD PRIMARY KEY (`id`);

--
-- Indexes for table `cms_contents`
--
ALTER TABLE `cms_contents`
  ADD PRIMARY KEY (`id`),
  ADD UNIQUE KEY `slug` (`slug`);

--
-- Indexes for table `colors`
--
ALTER TABLE `colors`
  ADD PRIMARY KEY (`id`);

--
-- Indexes for table `coupons`
--
ALTER TABLE `coupons`
  ADD PRIMARY KEY (`id`);

--
-- Indexes for table `default_permissions`
--
ALTER TABLE `default_permissions`
  ADD PRIMARY KEY (`id`);

--
-- Indexes for table `migrations`
--
ALTER TABLE `migrations`
  ADD PRIMARY KEY (`id`);

--
-- Indexes for table `orders`
--
ALTER TABLE `orders`
  ADD PRIMARY KEY (`id`),
  ADD UNIQUE KEY `code` (`code`),
  ADD UNIQUE KEY `payment_txnid` (`payment_txnid`);

--
-- Indexes for table `order_products`
--
ALTER TABLE `order_products`
  ADD PRIMARY KEY (`id`);

--
-- Indexes for table `otp_verifications`
--
ALTER TABLE `otp_verifications`
  ADD PRIMARY KEY (`id`),
  ADD UNIQUE KEY `token` (`token`);

--
-- Indexes for table `password_resets`
--
ALTER TABLE `password_resets`
  ADD KEY `password_resets_email_index` (`email`);

--
-- Indexes for table `permissions`
--
ALTER TABLE `permissions`
  ADD PRIMARY KEY (`id`),
  ADD UNIQUE KEY `slug` (`slug`);

--
-- Indexes for table `products`
--
ALTER TABLE `products`
  ADD PRIMARY KEY (`id`);

--
-- Indexes for table `product_attributes`
--
ALTER TABLE `product_attributes`
  ADD PRIMARY KEY (`id`);

--
-- Indexes for table `product_attribute_variants`
--
ALTER TABLE `product_attribute_variants`
  ADD PRIMARY KEY (`id`);

--
-- Indexes for table `product_images`
--
ALTER TABLE `product_images`
  ADD PRIMARY KEY (`id`);

--
-- Indexes for table `product_variants`
--
ALTER TABLE `product_variants`
  ADD PRIMARY KEY (`id`);

--
-- Indexes for table `product_wishlists`
--
ALTER TABLE `product_wishlists`
  ADD PRIMARY KEY (`id`);

--
-- Indexes for table `roles`
--
ALTER TABLE `roles`
  ADD PRIMARY KEY (`id`),
  ADD UNIQUE KEY `slug` (`slug`);

--
-- Indexes for table `settings`
--
ALTER TABLE `settings`
  ADD PRIMARY KEY (`id`);

--
-- Indexes for table `shops`
--
ALTER TABLE `shops`
  ADD PRIMARY KEY (`id`);

--
-- Indexes for table `support_tickets`
--
ALTER TABLE `support_tickets`
  ADD PRIMARY KEY (`id`),
  ADD UNIQUE KEY `code` (`code`);

--
-- Indexes for table `support_ticket_subjects`
--
ALTER TABLE `support_ticket_subjects`
  ADD PRIMARY KEY (`id`),
  ADD UNIQUE KEY `type` (`type`);

--
-- Indexes for table `testimonial_contents`
--
ALTER TABLE `testimonial_contents`
  ADD PRIMARY KEY (`id`);

--
-- Indexes for table `users`
--
ALTER TABLE `users`
  ADD PRIMARY KEY (`id`),
  ADD UNIQUE KEY `users_email_unique` (`email`),
  ADD UNIQUE KEY `mobile` (`mobile`),
  ADD UNIQUE KEY `api_token` (`api_token`);

--
-- Indexes for table `user_addresses`
--
ALTER TABLE `user_addresses`
  ADD PRIMARY KEY (`id`);

--
-- Indexes for table `user_fcm_tokens`
--
ALTER TABLE `user_fcm_tokens`
  ADD PRIMARY KEY (`id`);

--
-- Indexes for table `user_notifications`
--
ALTER TABLE `user_notifications`
  ADD PRIMARY KEY (`id`);

--
-- Indexes for table `user_permissions`
--
ALTER TABLE `user_permissions`
  ADD PRIMARY KEY (`id`);

--
-- AUTO_INCREMENT for dumped tables
--

--
-- AUTO_INCREMENT for table `app_banners`
--
ALTER TABLE `app_banners`
  MODIFY `id` int(11) NOT NULL AUTO_INCREMENT, AUTO_INCREMENT=13;

--
-- AUTO_INCREMENT for table `brands`
--
ALTER TABLE `brands`
  MODIFY `id` int(11) NOT NULL AUTO_INCREMENT, AUTO_INCREMENT=141;

--
-- AUTO_INCREMENT for table `carts`
--
ALTER TABLE `carts`
  MODIFY `id` int(11) NOT NULL AUTO_INCREMENT, AUTO_INCREMENT=43;

--
-- AUTO_INCREMENT for table `categories`
--
ALTER TABLE `categories`
  MODIFY `id` int(11) NOT NULL AUTO_INCREMENT, AUTO_INCREMENT=39;

--
-- AUTO_INCREMENT for table `cms_contents`
--
ALTER TABLE `cms_contents`
  MODIFY `id` int(11) NOT NULL AUTO_INCREMENT, AUTO_INCREMENT=3;

--
-- AUTO_INCREMENT for table `colors`
--
ALTER TABLE `colors`
  MODIFY `id` int(11) NOT NULL AUTO_INCREMENT, AUTO_INCREMENT=11;

--
-- AUTO_INCREMENT for table `coupons`
--
ALTER TABLE `coupons`
  MODIFY `id` int(11) NOT NULL AUTO_INCREMENT, AUTO_INCREMENT=3;

--
-- AUTO_INCREMENT for table `default_permissions`
--
ALTER TABLE `default_permissions`
  MODIFY `id` int(11) NOT NULL AUTO_INCREMENT, AUTO_INCREMENT=8;

--
-- AUTO_INCREMENT for table `migrations`
--
ALTER TABLE `migrations`
  MODIFY `id` int(10) UNSIGNED NOT NULL AUTO_INCREMENT, AUTO_INCREMENT=3;

--
-- AUTO_INCREMENT for table `orders`
--
ALTER TABLE `orders`
  MODIFY `id` int(11) NOT NULL AUTO_INCREMENT, AUTO_INCREMENT=16;

--
-- AUTO_INCREMENT for table `order_products`
--
ALTER TABLE `order_products`
  MODIFY `id` int(11) NOT NULL AUTO_INCREMENT, AUTO_INCREMENT=19;

--
-- AUTO_INCREMENT for table `otp_verifications`
--
ALTER TABLE `otp_verifications`
  MODIFY `id` int(11) NOT NULL AUTO_INCREMENT, AUTO_INCREMENT=26;

--
-- AUTO_INCREMENT for table `permissions`
--
ALTER TABLE `permissions`
  MODIFY `id` int(11) NOT NULL AUTO_INCREMENT, AUTO_INCREMENT=59;

--
-- AUTO_INCREMENT for table `products`
--
ALTER TABLE `products`
  MODIFY `id` int(11) NOT NULL AUTO_INCREMENT, AUTO_INCREMENT=20;

--
-- AUTO_INCREMENT for table `product_attributes`
--
ALTER TABLE `product_attributes`
  MODIFY `id` int(11) NOT NULL AUTO_INCREMENT, AUTO_INCREMENT=4;

--
-- AUTO_INCREMENT for table `product_attribute_variants`
--
ALTER TABLE `product_attribute_variants`
  MODIFY `id` int(11) NOT NULL AUTO_INCREMENT, AUTO_INCREMENT=18;

--
-- AUTO_INCREMENT for table `product_images`
--
ALTER TABLE `product_images`
  MODIFY `id` int(11) NOT NULL AUTO_INCREMENT, AUTO_INCREMENT=7;

--
-- AUTO_INCREMENT for table `product_variants`
--
ALTER TABLE `product_variants`
  MODIFY `id` int(11) NOT NULL AUTO_INCREMENT, AUTO_INCREMENT=26;

--
-- AUTO_INCREMENT for table `product_wishlists`
--
ALTER TABLE `product_wishlists`
  MODIFY `id` int(11) NOT NULL AUTO_INCREMENT, AUTO_INCREMENT=4;

--
-- AUTO_INCREMENT for table `roles`
--
ALTER TABLE `roles`
  MODIFY `id` int(11) NOT NULL AUTO_INCREMENT, AUTO_INCREMENT=6;

--
-- AUTO_INCREMENT for table `settings`
--
ALTER TABLE `settings`
  MODIFY `id` int(11) NOT NULL AUTO_INCREMENT, AUTO_INCREMENT=2;

--
-- AUTO_INCREMENT for table `shops`
--
ALTER TABLE `shops`
  MODIFY `id` int(11) NOT NULL AUTO_INCREMENT, AUTO_INCREMENT=2;

--
-- AUTO_INCREMENT for table `support_tickets`
--
ALTER TABLE `support_tickets`
  MODIFY `id` int(11) NOT NULL AUTO_INCREMENT, AUTO_INCREMENT=5;

--
-- AUTO_INCREMENT for table `support_ticket_subjects`
--
ALTER TABLE `support_ticket_subjects`
  MODIFY `id` int(11) NOT NULL AUTO_INCREMENT, AUTO_INCREMENT=4;

--
-- AUTO_INCREMENT for table `testimonial_contents`
--
ALTER TABLE `testimonial_contents`
  MODIFY `id` int(11) NOT NULL AUTO_INCREMENT, AUTO_INCREMENT=5;

--
-- AUTO_INCREMENT for table `users`
--
ALTER TABLE `users`
  MODIFY `id` bigint(20) UNSIGNED NOT NULL AUTO_INCREMENT, AUTO_INCREMENT=18;

--
-- AUTO_INCREMENT for table `user_addresses`
--
ALTER TABLE `user_addresses`
  MODIFY `id` int(11) NOT NULL AUTO_INCREMENT, AUTO_INCREMENT=16;

--
-- AUTO_INCREMENT for table `user_fcm_tokens`
--
ALTER TABLE `user_fcm_tokens`
  MODIFY `id` int(11) NOT NULL AUTO_INCREMENT, AUTO_INCREMENT=17;

--
-- AUTO_INCREMENT for table `user_notifications`
--
ALTER TABLE `user_notifications`
  MODIFY `id` int(11) NOT NULL AUTO_INCREMENT, AUTO_INCREMENT=25;

--
-- AUTO_INCREMENT for table `user_permissions`
--
ALTER TABLE `user_permissions`
  MODIFY `id` int(11) NOT NULL AUTO_INCREMENT, AUTO_INCREMENT=8;
COMMIT;

/*!40101 SET CHARACTER_SET_CLIENT=@OLD_CHARACTER_SET_CLIENT */;
/*!40101 SET CHARACTER_SET_RESULTS=@OLD_CHARACTER_SET_RESULTS */;
/*!40101 SET COLLATION_CONNECTION=@OLD_COLLATION_CONNECTION */;
